date,f1,f2,f3,f4,f5
2019-04-12,1.1847472,0.0,0.0,1.6705663,1.2347624
2019-04-15,0.10654366,0.6057441,1.0223616,0.0,0.27406543
2019-04-16,0.34881866,0.0,0.89576936,1.9140403,0.0
2019-04-17,1.2710767,0.9537326,0.0,1.790113,0.38326553
2019-04-18,0.012160957,0.75182736,0.12928605,0.44776976,0.96592116
2019-04-23,1.632077,1.404795,1.6954268,1.4806117,1.1361803
2019-04-24,1.5256376,1.7338221,0.0,0.369891,0.8959377
2019-04-25,0.0,1.1699241,0.28897804,1.3682151,0.8163605
2019-04-26,1.050229,0.7006754,0.59759617,1.1782848,1.0590998
2019-04-29,0.0,0.10231036,1.5102925,0.807408,1.6948261
2019-04-30,0.076806605,0.2999013,0.0,1.1005422,0.0
2019-05-07,1.2444175,1.3902671,0.1975308,0.36387977,1.2925928
2019-05-08,2.689545,1.8105612,0.08243561,2.2372108,5.6038084
2019-05-09,1.3612757,0.9152848,0.0,1.3475301,0.438415
2019-05-10,0.45048845,1.2682619,0.0,1.4797442,1.7211943
2019-05-13,0.0,0.8801653,0.37901142,0.5495409,0.23951459
2019-05-14,2.3757367,1.5122088,1.2118177,1.0226144,3.075348
2019-05-15,1.7349266,0.0,2.253188,0.09254563,0.0
2019-05-16,0.7428312,0.0,1.8451813,0.7154118,0.0
2019-05-17,2.38278,0.0,0.9434988,0.27565598,0.0
2019-05-20,0.9010092,0.10803133,0.0,1.3371755,1.7167997
2019-05-21,1.950249,0.34350052,2.23104,1.3426533,1.2879851
2019-05-22,1.2754935,1.0191627,0.9636792,0.4090048,1.8633056
2019-05-23,0.5250298,0.060411215,0.9432726,1.9423614,1.4239787
2019-05-24,0.0,0.41788805,1.2934595,1.9747326,2.7445278
2019-05-28,1.0444858,0.0,1.7633022,0.0,0.96772176
2019-05-29,2.828573,0.0,2.0323603,0.24972212,0.60360134
2019-05-30,1.2515707,0.94718266,2.0934894,3.281375,0.21912509
2019-05-31,1.3619177,0.0,3.3970408,0.78157794,2.7401145
2019-06-03,0.0,1.1645144,1.3121805,1.5172665,3.985479
2019-06-04,0.0,0.63133335,2.475086,0.36592692,3.5161164
2019-06-05,0.5432695,0.92581636,0.7946552,1.1138883,0.19429427
2019-06-06,0.0,0.4834481,0.0,2.3176029,1.7786598
2019-06-10,1.4058678,1.061308,2.0557044,0.027544916,0.9603067
2019-06-11,0.8097815,0.7012725,0.0,0.8345142,0.115014255
2019-06-12,0.7515652,0.6581135,1.2499542,0.0,0.7677404
2019-06-13,0.6447296,0.0,2.6607475,1.4872385,1.8160682
2019-06-14,1.9691215,0.8533632,1.4459288,0.60056376,0.4335738
2019-06-17,1.8563212,0.666582,0.46884152,0.7386177,0.94350123
2019-06-18,0.0,0.0,1.9368613,1.9669948,0.53228974
2019-06-19,0.15799749,1.6709185,0.41191086,0.0,0.0
2019-06-20,0.5128708,1.2927213,0.23400426,1.2296364,0.92621446
2019-06-21,1.6455808,3.0647314,2.3357527,0.0,0.37170348
2019-06-24,1.2281637,1.8644958,0.0,0.9584936,0.9580293
2019-06-25,0.57577753,0.6291223,1.9498305,0.0,1.441525
2019-06-26,0.31044984,0.50764704,0.70651007,0.0,0.36469018
2019-06-27,0.9949355,1.444984,0.0,0.1944766,0.0
2019-06-28,1.0416231,1.0868285,0.7983102,1.405663,1.3409557
2019-07-01,0.0,1.0564528,0.5930613,1.2682223,0.0
2019-07-02,1.047662,0.6833472,0.0,0.99537385,1.941761
2019-07-03,0.0,0.51916134,1.0191431,2.6034741,1.9326053
2019-07-05,2.4291456,1.2556747,2.7696733,0.74285674,0.49473247
2019-07-08,1.8759167,0.004162252,0.0,1.4779108,0.839706
2019-07-09,0.82983917,0.86239856,1.2032605,0.7131598,1.2396858
2019-07-10,0.54951173,0.6376832,0.3501841,1.2027094,0.27509725
2019-07-11,0.7766804,1.2400267,0.9015708,0.0,0.0
2019-07-12,1.2860218,0.0,1.4846594,0.2640307,1.5242723
2019-07-15,0.20903578,0.5341847,1.2054732,0.43144706,0.42401725
2019-07-16,0.0,0.9920004,1.475496,1.5717885,0.16153169
2019-07-17,0.0,0.35463837,0.8304797,1.1656425,1.0152266
2019-07-18,0.0,0.95680946,1.1719747,1.0560875,1.1071779
2019-07-19,0.0,0.5194042,0.87545764,1.484046,1.2467421
2019-07-22,1.3547251,0.0,1.4578202,0.5191424,0.09352869
2019-07-23,0.49403512,1.9076093,0.0,1.6385617,1.0140891
2019-07-24,1.2171974,0.9723835,1.0222449,0.76572967,0.2243802
2019-07-25,0.03185022,0.800703,1.851676,0.3677711,0.7973759
2019-07-26,1.226243,0.7013237,0.0,1.4110794,0.87400174
2019-07-29,0.410264,0.5808209,0.40505782,1.0805068,0.80667764
2019-07-30,0.0,0.0049780607,1.0436447,0.0,1.2449366
2019-07-31,0.8123679,1.4717591,0.10564381,0.37632638,0.42815706
2019-08-01,0.21443045,1.1899042,0.0,0.0,1.1875299
2019-08-02,0.0,0.2642362,0.2214852,3.2644582,3.5698864
2019-08-05,2.4178267,1.90501,1.3603567,1.3804286,1.4478116
2019-08-06,0.0,0.37047002,1.6011152,1.2129791,2.2953506
2019-08-07,0.0,0.5885382,0.7171005,1.0407901,1.3186558
2019-08-08,0.0,1.5137292,3.3740692,2.8618906,2.1433153
2019-08-09,0.62658596,0.0,2.0257123,0.0,0.0
2019-08-12,2.2953587,0.682388,1.211221,1.7460202,0.0
2019-08-13,0.0,1.5291002,0.0,1.212295,0.0
2019-08-14,0.69123745,1.1535437,0.0,0.0,0.0
2019-08-15,1.1513699,2.869865,0.8064105,2.3134594,2.4232717
2019-08-16,0.6702384,0.7889769,1.1242071,0.09253138,2.816223
2019-08-19,1.2359368,0.13567728,0.8779491,0.0,1.1418762
2019-08-20,0.49508816,0.7008395,0.0,0.702957,0.079853654
2019-08-21,0.49153697,1.0282654,0.48313922,1.2304206,0.21711612
2019-08-22,0.0,0.0,1.2750852,0.019218862,0.60150266
2019-08-23,1.2126876,0.7238734,0.7045532,1.3334529,1.9858024
2019-08-27,0.052209437,2.1438203,0.9980228,1.2232895,2.2979097
2019-08-28,0.0,1.333733,1.6213819,0.7999069,0.12455267
2019-08-29,1.12703,1.6197734,1.8191743,0.55872977,0.0
2019-08-30,0.14757496,0.2223841,0.3344451,0.79860693,0.0
2019-09-03,0.0,0.51106477,1.5725999,1.2744746,1.3810418
2019-09-04,0.0,3.9109578,2.6357355,3.0779014,1.1737312
2019-09-05,0.19141829,0.69840986,0.96468663,0.0,0.0
2019-09-06,1.6367579,0.0,0.0,0.13132316,0.9961391
2019-09-09,1.0874056,0.08431637,0.0,0.38661906,1.1113994
2019-09-10,1.4276807,0.89209735,0.37479103,0.3674758,0.41890872
2019-09-11,1.0667121,0.0,1.6107819,0.79604,0.2273109
2019-09-12,0.0076922774,0.7878815,1.2189693,1.4131504,1.7787662
2019-09-16,0.6335544,0.0,2.5862327,1.5105932,0.159468
2019-09-17,6.5362453,0.0,1.8014939,0.0,0.0
2019-09-18,0.0,1.7936301,0.14795387,2.6009188,2.262706
2019-09-19,0.9418607,0.07564384,0.83541554,0.97363985,2.0633972
2019-09-20,0.77264327,0.32827282,0.23130393,0.0,0.6229216
2019-09-23,0.42704898,1.3717713,0.4071422,0.56718624,1.3547512
2019-09-24,0.12333,1.6605036,2.4248085,0.8691707,0.23640347
2019-09-25,1.0466686,1.2251809,1.1881745,1.9591713,1.9038852
2019-09-26,1.2980459,0.0,0.1709162,2.020814,1.1299739
2019-09-27,0.73570013,0.6718332,0.3456548,0.73229057,0.87225485
2019-10-08,0.0,0.0,0.15476233,0.6142919,0.7254078
2019-10-09,2.7941155,0.26933447,4.458547,3.168045,3.6966739
2019-10-10,0.7575215,1.0943838,0.9662852,0.85449785,0.45174506
2019-10-11,0.0,0.0,0.0,0.0,0.0
2019-10-14,1.9662538,0.0,1.4963826,0.0,0.76012486
2019-10-15,0.871163,1.0367358,1.6256793,2.0433497,2.0504348
2019-10-16,0.43680733,0.0,0.9100983,2.141201,0.0
2019-10-17,0.79589075,0.5089744,0.5465664,0.64070916,0.4335377
2019-10-18,0.799162,0.64303744,0.9927,0.2522918,1.1085471
2019-10-21,0.63277,0.57431674,0.94043005,0.42066115,0.83945227
2019-10-22,0.05667025,0.4605062,0.36250484,1.1817954,0.91623825
2019-10-23,0.7096899,0.10544747,0.9025768,0.5274346,0.29420352
2019-10-24,0.21062982,0.954677,0.54354286,0.0,0.0
2019-10-25,0.855879,1.1923578,1.4431777,0.7808831,0.08715141
2019-10-28,0.36211872,0.9537004,0.8343589,0.3237661,1.0005454
2019-10-29,0.12366885,0.0,0.64693785,1.2346604,0.89914554
2019-10-30,0.5860904,0.37418,0.95070624,0.85829395,0.53077435
2019-10-31,0.40912515,0.857717,1.7796937,1.4470994,1.3060633
2019-11-01,0.9130422,2.0278077,1.4550171,1.6493558,2.3132653
2019-11-04,0.5157529,0.12623978,1.362582,0.0,0.0
2019-11-05,1.1488047,0.5843402,0.76646405,1.3346884,0.0
2019-11-06,1.7833047,0.0,0.0,0.99936694,0.81389374
2019-11-07,0.599221,1.4653975,1.2697141,1.6110387,1.893841
2019-11-08,0.1471166,0.0,0.0,0.34527874,0.67379725
2019-11-11,1.5835664,0.4927308,0.55480784,1.5733078,1.2419806
2019-11-12,0.75304663,0.70255506,0.0,1.0424438,1.8039112
2019-11-13,1.3050205,0.024093866,0.84739286,0.58615893,1.832931
2019-11-14,0.91366625,2.0632005,0.005718708,0.75040424,1.0181651
2019-11-15,1.2488048,1.6507417,1.3294911,1.8914218,0.627424
2019-11-18,0.39947262,0.2741222,0.0,0.3883969,0.0
2019-11-19,0.6660316,1.5141823,0.7475817,1.6357692,1.978625
2019-11-20,0.0,0.7176656,1.5474299,1.0635964,1.7358465
2019-11-21,1.4950855,0.7494725,0.5225743,0.0768131,0.2417087
2019-11-22,0.9875063,0.0,0.0,0.0,0.26770633
2019-11-25,1.4330524,0.8515557,1.49132,1.6806148,0.8810698
2019-11-26,1.1349909,0.64656734,0.47484964,0.30863786,1.2808565
2019-11-27,0.08614284,0.9845223,0.21549511,0.0,0.0
2019-11-29,0.26455656,0.0,0.2961093,1.0634211,1.0036786
2019-12-02,0.87074155,1.5877638,2.0221734,1.4747138,3.8607092
2019-12-03,0.77207357,0.45071858,0.22037357,0.50988543,1.5208066
2019-12-04,0.85344446,2.1506677,0.95051646,2.298081,0.26801944
2019-12-05,1.5094283,0.0,0.0,0.0,0.0
2019-12-06,0.61336124,0.7757412,1.0036855,1.0533351,0.12409556
2019-12-09,0.6921316,0.0,0.47536302,0.22209603,0.0
2019-12-10,0.64972943,0.63571864,1.1923267,0.7232222,0.84530216
2019-12-11,0.78407866,1.0076302,1.5649323,0.6010299,0.46005318
2019-12-12,0.0,1.2816013,1.1207922,0.39162832,0.9528454
2019-12-13,1.689434,0.27558786,2.6392648,0.6308859,0.49635082
2019-12-16,1.3266685,0.85867476,0.1153208,0.7217284,0.0
2019-12-17,2.5469165,0.0,4.0463243,0.97924316,0.6156258
2019-12-18,1.5316079,0.31867063,0.73467827,0.92877144,0.56153566
2019-12-19,0.25537094,0.9095526,0.48269138,0.72832346,0.7933135
2019-12-20,0.40443805,0.7843162,0.9975337,0.35804242,0.06314629
2019-12-23,0.819766,0.14162952,1.272016,1.0990484,1.0163034
2019-12-24,0.16345978,1.3386252,0.84699714,0.6561017,0.55703545
2019-12-27,0.70437026,1.4387448,1.5009825,0.48820844,0.36665177
2019-12-30,1.8443904,1.2549441,1.7162192,0.0,0.6313846
2019-12-31,0.74007636,0.9741889,1.7749263,1.588621,0.19024009
2020-01-02,0.6060656,1.1282804,0.6003356,1.5189657,2.100178
2020-01-03,0.0,0.11458248,1.1484379,0.24348891,0.2936045
2020-01-06,1.4134835,2.694336,0.0,0.4274367,0.6847975
2020-01-07,0.65424645,1.1082969,0.9250188,1.0007585,1.0698231
2020-01-08,0.3573552,1.0750911,1.4839338,1.359925,0.58455324
2020-01-09,0.0,0.0,1.2898763,1.8461598,1.9017833
2020-01-10,1.3385346,0.8718699,0.68854415,0.9067841,1.5623589
2020-01-13,0.6285705,1.1015047,1.4651303,0.40070394,1.0567122
2020-01-14,0.5905936,0.8469222,0.17832482,1.1261595,1.5150886
2020-01-15,1.160799,0.5372568,0.6424183,0.8975801,0.76852775
2020-01-16,0.0,1.3817712,1.4879527,0.2163778,1.32778
2020-01-17,0.23357978,0.65658414,0.0,1.1080848,0.3462203
2020-01-21,0.8358299,0.6215514,2.3443599,0.28084958,1.4110578
2020-02-03,0.53722495,0.47076473,0.0,0.37110066,2.4424908
2020-02-04,0.0,6.0409093,0.0,5.9690003,12.239439
2020-02-05,1.205097,0.0,0.9902736,1.4675589,0.39816472
2020-02-06,0.62103754,0.12722474,1.3913629,0.0,0.0
2020-02-07,0.7525085,0.8368298,0.72173035,0.89230025,0.120203495
2020-02-10,1.3249934,0.9104918,0.7510168,1.2702479,2.2010672
2020-02-11,0.2921784,1.5544586,0.8704103,0.77861977,2.0165088
2020-02-12,0.7781614,0.44842133,0.6443341,0.24025923,0.041522384
2020-02-13,1.4577687,0.0,0.6846806,0.0,0.33991843
2020-02-14,0.0,0.0,0.66068673,0.29808927,0.0
2020-02-18,1.2208691,1.0357293,0.48611692,1.0343193,0.5722189
2020-02-19,0.7219285,1.242758,2.5479035,1.1063966,0.38991728
2020-02-20,0.7802486,0.74817437,0.6150345,0.100718856,0.0
2020-02-21,0.8567057,1.0235797,0.0,1.0723538,0.8697324
2020-02-24,0.5159383,1.8471372,1.9990582,1.0101631,1.0953375
2020-02-25,0.0,2.877883,0.0,1.1020511,3.0671277
2020-02-26,1.7807106,0.0,0.0,2.303977,2.5018864
2020-02-27,0.2299749,0.6219072,0.67611194,2.532162,2.2209177
2020-02-28,0.0,0.61590016,0.0,1.5254804,2.4902575
2020-03-02,1.5925971,0.0,0.0,1.3703184,3.0646756
2020-03-03,0.81255805,0.0,1.710746,0.0,0.0
2020-03-04,1.4025755,2.5395303,2.991649,1.1335554,0.8043078
2020-03-05,0.01637888,0.0,1.4248673,1.3117441,0.42944995
2020-03-06,0.0,1.7208459,0.36931148,1.1989999,1.3634589
2020-03-09,0.0,1.8339325,0.8242561,3.484233,4.566824
2020-03-10,0.0,5.433758,1.6496794,6.6795,10.898608
2020-03-11,2.5282912,0.0,1.1171285,0.0,0.0
2020-03-12,0.2779691,0.59474677,0.0,1.6539673,1.8041859
2020-03-13,1.7006943,0.29175678,0.0,5.1841516,5.677643
2020-03-16,2.1470346,0.0,0.0,0.6280992,3.4239895
2020-03-17,2.9712067,2.6062338,0.0,6.466793,7.9415474
2020-03-18,0.8342644,2.2022486,0.7251902,2.9722893,0.74438083
2020-03-19,5.684889,3.6191025,0.0,5.685848,8.100381
2020-03-20,1.7159781,0.0,2.8404994,0.0,0.0
2020-03-23,0.0,1.6259363,3.59832,3.4035923,2.4156406
2020-03-24,1.2466567,4.5530896,7.582048,4.946589,3.4507759
2020-03-25,0.0,4.7158933,4.826103,0.0,0.0
2020-03-26,0.31249654,1.347297,0.7289983,0.0,0.0
2020-03-27,0.0,0.46856362,0.0,1.1153536,2.7514882
2020-03-30,0.19606781,0.0,0.0,0.0,1.6724567
2020-03-31,0.7129043,0.0,0.0,2.7153966,3.1750026
2020-04-01,0.0,0.0,0.40583748,0.0,0.0
2020-04-02,0.0,1.6186869,0.0,1.4971249,3.6992135
2020-04-03,1.3520582,5.006808,0.85018396,0.0,0.0
2020-04-07,4.1003203,2.9353688,0.0,0.0,0.0
2020-04-08,0.0,1.244799,5.2702675,2.8919573,0.0
2020-04-09,0.42751056,0.23049223,0.0638715,0.0,0.45447418
2020-04-14,0.0,2.6533668,4.24785,2.2826054,1.1932361
2020-04-15,0.0,0.7685308,0.24570376,0.0,1.2483511
2020-04-16,0.0,0.0,0.0,1.1683135,2.0004268
2020-04-17,1.2866857,1.5944028,0.0,0.0,1.3625944
2020-04-22,0.8253964,0.0,0.0,0.15544099,0.6502417
2020-04-23,2.045393,2.9922738,1.7610208,0.0,0.0
2020-04-24,1.7458286,2.0106857,1.1223357,0.0793919,0.0
2020-04-27,0.0,0.0,0.0,1.4426966,1.9812946
2020-04-28,0.0,0.0,1.3922172,1.8272717,4.3057194
2020-04-29,0.750156,1.0685909,0.5005183,0.18264323,0.0
2020-04-30,3.2957966,4.8472443,0.0,0.0,0.0
2020-05-06,4.4661207,2.1545203,2.04135,0.58964694,0.0
2020-05-07,2.8816588,2.7984276,0.0,0.0,0.0
2020-05-11,0.0,1.2974182,2.4653366,0.24262774,0.0
2020-05-12,1.5338278,0.0,0.7636221,0.0,0.31671146
2020-05-13,0.0,0.7256036,0.72246414,1.1879249,0.21838593
2020-05-14,0.029149354,1.4428465,0.0,1.7494901,1.9431072
2020-05-15,2.1285548,3.3579679,1.3477356,0.0,0.0
2020-05-18,0.0,3.2826457,1.8032043,0.0,0.0
2020-05-19,0.73422027,2.7807324,1.416973,0.0,0.0
2020-05-20,0.0,0.9515135,1.6391857,0.41877735,0.7799207
2020-05-21,0.523239,1.6723175,1.1941756,0.0,0.47853342
2020-05-22,2.0435638,0.0,0.0,1.2034099,0.9935225
2020-05-26,0.11377114,1.3880415,0.84446317,1.7798989,2.0113652
2020-05-27,1.4811156,0.0,1.054605,0.47240525,0.0
2020-05-28,0.034837246,0.0,1.4506834,1.4020288,2.35924
2020-05-29,0.39178705,0.41863915,1.4795551,0.06139642,1.8990686
2020-06-01,0.77305937,2.3088374,1.1772435,0.0,0.52468765
2020-06-02,0.6756454,2.3428717,0.0,0.0,0.0
2020-06-03,2.6374269,1.0535531,0.0,0.0,0.0
2020-06-04,1.4401653,0.013328791,0.6176624,0.45660678,1.4699275
2020-06-05,1.0211122,0.713854,1.7396123,0.08987981,1.4153941
2020-06-08,2.668199,0.0,0.0,0.0,0.0
2020-06-09,0.0,1.2658055,2.261722,1.2407714,1.2936844
2020-06-10,0.4898734,1.3283906,0.34045416,0.69707453,0.46742928
2020-06-11,0.79763764,0.8993869,0.1527232,0.0,0.25285524
2020-06-12,0.0,0.0,1.6019557,3.7255642,2.7862554
2020-06-15,1.106464,0.06148529,0.0,0.7699147,1.0550789
2020-06-16,1.3898281,1.0672513,0.11724228,0.92845684,0.0
2020-06-17,0.3713636,2.0601149,0.74069345,0.0,0.0
2020-06-18,0.46047997,0.3851343,1.0074443,0.88284785,0.0
2020-06-19,1.0318587,0.08807212,0.0,0.34323198,0.019352615
2020-06-22,0.8201189,1.9754324,1.6792207,0.61621034,0.23857498
2020-06-23,0.2138049,1.2278558,0.49995244,9.1314316e-05,0.29707587
2020-06-24,0.49548298,1.3084246,0.9976936,1.1748443,1.1945323
2020-06-29,0.38176385,0.0,0.0,2.3352976,3.0722046
2020-06-30,0.19584063,1.532185,1.4811153,0.0,0.2178722
2020-07-01,1.1793157,1.194265,3.2235665,0.27586,0.742692
2020-07-02,1.6972916,0.0,1.0579436,0.0,0.0
2020-07-06,0.3448732,1.4850438,0.0,0.7564795,0.0
2020-07-07,0.39440712,0.5049443,1.3712521,0.72467476,0.0
2020-07-08,0.42052197,1.504163,1.6384532,0.235771,0.9081516
2020-07-09,0.0,0.8440257,1.6381655,0.0,0.83146745
2020-07-10,0.82897365,0.0,0.0,1.3075827,0.8398689
2020-07-13,0.0,0.83367777,0.0,0.0,0.0
2020-07-14,0.0,1.2131577,0.82335216,0.4168186,0.32796267
2020-07-15,1.8409212,0.3280122,0.6094126,2.167287,0.81921047
2020-07-16,1.9443939,1.9914796,1.8531656,1.6573066,0.47405145
2020-07-17,0.27579078,0.0,1.1484985,2.000411,0.0
2020-07-20,0.80413985,0.7315349,1.9968967,1.1902101,1.2909464
2020-07-21,0.0,1.2279947,0.34575015,0.08514714,0.50469345
2020-07-22,0.0,3.1341054,2.4915679,0.0,0.0
2020-07-23,0.25617477,2.158845,3.7527409,1.2508011,1.7541733
2020-07-24,0.0,0.33335936,1.2588127,0.86711836,0.57787335
2020-07-27,1.2267289,0.7640547,0.6408514,1.2494687,1.3713673
2020-07-29,0.0,2.4821517,2.6568933,0.53519607,1.394788
2020-07-30,0.06312311,1.0977619,0.6945634,0.51485384,0.91374576
2020-07-31,1.1593857,0.0,0.10407382,1.6194961,1.2715414
2020-08-03,0.8728586,1.5485268,3.0752532,1.1709231,1.1091421
2020-08-04,0.7939812,1.6056542,1.1609715,0.5176375,0.0
2020-08-05,0.0,3.3839896,2.0131152,1.1099745,1.1825155
2020-08-06,0.0,1.5804532,2.1700072,0.0,0.10974246
2020-08-07,0.0,1.8607645,1.9703915,0.75488555,1.8236182
2020-08-10,1.9507095,0.0,0.0,2.8026567,1.498688
2020-08-11,0.0,1.343033,1.871467,0.051843286,0.0
2020-08-12,2.7238755,0.0,0.0,0.430271,0.3036462
2020-08-13,1.6687293,0.6909835,1.289964,1.0892708,0.0
2020-08-14,0.8370888,1.5422466,3.994009,1.721357,1.7338207
2020-08-17,1.5788337,0.0,0.0,0.93803596,0.24790722
2020-08-18,0.0,1.4884098,2.9157963,0.0,0.59449047
2020-08-19,0.0,1.1121645,0.82401156,0.07442188,0.0
2020-08-20,1.0301176,0.0,0.0,0.06774521,0.2597701
2020-08-21,1.0844333,0.0,0.0,1.1700162,1.3360744
2020-08-24,1.2552485,0.2782507,1.194548,1.7279222,2.04184
2020-08-25,1.0591063,0.9494009,0.021196425,0.066737175,0.0
2020-08-26,1.6476324,0.0,1.449729,0.015327275,0.0
2020-08-27,0.0,0.35404944,2.4621475,0.0,1.6503232
2020-08-28,1.6474046,0.0,2.1837869,1.5768778,0.8108053
2020-09-01,0.006254196,1.2446542,2.1109676,0.12327093,0.4210703
2020-09-02,0.5908089,0.36348873,2.4246404,0.63436145,0.565896
2020-09-03,1.2566206,0.0,0.0,2.1329844,0.9078486
2020-09-04,0.769398,0.0,0.0,2.0641236,1.3086109
2020-09-08,0.0,0.0,1.1238837,0.58271176,0.76728404
2020-09-09,0.0,0.0,2.4284968,3.3526013,2.920075
2020-09-10,0.6395142,1.3792396,0.3524817,0.0,0.30490017
2020-09-11,0.6254728,0.2646572,1.9979895,1.6030886,0.92106307
2020-09-14,0.9369365,0.0,0.92972684,0.3957559,0.0
2020-09-15,0.0,0.77368844,0.9385574,0.7147669,0.0
2020-09-16,1.020108,2.2199452,0.6609343,0.921945,0.52999425
2020-09-17,1.9648042,0.6099199,1.2104111,0.0,0.0
2020-09-18,2.5976973,0.027760565,0.0,0.27984297,0.39923707
2020-09-21,0.86856353,0.33585322,1.5078115,0.25615728,0.5753333
2020-09-22,1.6191094,0.0,0.0,2.8892,3.1708198
2020-09-23,0.73517656,0.6583473,0.54850495,0.54088867,1.2838583
2020-09-24,2.552355,0.50107574,0.0,1.9864733,1.0950686
2020-09-25,0.93150854,1.7184801,0.42992756,1.4880764,1.5069711
2020-09-28,0.86216044,0.32841104,0.8037728,0.62524176,0.0
2020-09-29,0.036531627,1.4551585,0.56140006,0.54164386,0.0
2020-10-12,0.0,2.0301104,2.4654117,2.162971,1.8894594
2020-10-13,3.3866644,0.0,6.4852467,0.0,0.8371448
2020-10-14,1.701505,0.0,0.2803285,0.5959686,0.9238411
2020-10-15,1.1376908,0.8545431,0.96859026,0.2013992,0.32060346
2020-10-16,1.2954105,0.45103657,1.2645257,0.0,2.152829
2020-10-19,0.40717727,1.2299658,0.78695273,0.72625285,1.2160901
2020-10-20,0.6298243,0.54549706,1.0982378,0.6411524,1.1222141
2020-10-21,0.22548744,0.37856776,1.2154268,0.0,0.0
2020-10-22,0.0,0.23029509,1.9416604,1.4611682,0.7813818
2020-10-23,2.0808496,0.6833073,0.19119573,0.58521247,0.5196487
2020-10-26,0.66708964,0.2561468,1.7051747,1.4233475,0.9548547
2020-10-27,0.46797338,0.0,0.783038,2.2248764,1.2958804
2020-10-28,0.5610319,1.5721989,0.27716246,0.0,0.35650837
2020-10-29,0.03682208,0.0,0.0,1.9870214,3.153602
2020-10-30,0.17649645,0.0,0.41411337,1.9629397,1.4392307
2020-11-02,0.8844179,0.98089767,1.4403887,1.3975827,0.7347164
2020-11-03,1.0149417,1.9979486,0.7129974,0.07373512,0.5415178
2020-11-04,0.78401077,0.9141862,1.3394656,0.0,0.0
2020-11-05,2.035541,0.23325408,0.38030022,0.26141697,0.0
2020-11-06,0.0,1.2191528,3.630927,0.93135047,0.0
2020-11-09,0.0,0.5807321,1.2796141,1.2778893,1.6936691
2020-11-10,3.314702,0.0,0.0,0.0,0.0
2020-11-11,1.3472843,1.1667297,2.6486259,0.09216988,0.0
2020-11-12,1.5628705,0.49193758,0.7039057,2.529059,0.0
2020-11-13,0.06492996,1.5319586,1.0220037,1.5083492,0.8579328
2020-11-16,0.22401083,0.7869361,1.9927344,1.4405377,1.2954953
2020-11-17,0.8052331,0.39216867,1.9508443,0.0,0.25855017
2020-11-18,0.5700737,0.12368798,0.85729325,0.54903066,0.23912746
2020-11-19,1.6927633,0.4711883,1.5278882,0.36517859,0.0
2020-11-20,0.7475916,0.29087013,0.0,1.0026679,0.49522248
2020-11-23,0.0,0.7444809,0.59840953,0.0,0.0
2020-11-24,2.4609728,0.07217562,0.0,1.3794037,0.0
2020-11-25,1.1004499,0.7813284,0.0,0.0,0.0
2020-11-27,0.36313403,0.8651351,0.21119773,0.6406867,0.14005935
2020-11-30,1.2037784,0.0,1.1097447,0.0,0.64373976
2020-12-01,0.36346745,1.2134833,0.0,2.3771982,0.0
2020-12-02,0.0,2.6773267,1.7647686,0.613242,0.8295585
2020-12-03,1.7831099,1.4219912,1.1661216,0.9126269,1.1753602
2020-12-04,0.868804,0.6520369,1.1178453,0.38866884,0.0
2020-12-07,0.0,1.0515354,0.48085105,0.09273857,0.0
2020-12-08,0.7505141,1.217782,1.1962727,1.3824098,1.0487211
2020-12-09,0.39407703,1.0759246,0.1006304,0.9207617,1.3631864
2020-12-10,1.7126951,0.0,0.9678279,0.0,0.99976194
2020-12-11,0.81528854,0.8533147,1.0027733,0.0,0.0
2020-12-14,2.1860504,0.99762356,1.7590363,2.6486914,0.55247426
2020-12-15,0.6896325,0.0,0.69016546,0.73094964,0.0
2020-12-16,0.25471726,1.6584808,1.3308011,0.64820075,0.2894171
2020-12-17,0.7602146,0.9497099,1.0355245,0.35592586,0.8632507
2020-12-18,0.68297046,1.5127468,2.6393065,0.22771132,0.0
2020-12-21,1.0412718,0.17235649,0.6233246,0.92802477,0.0
2020-12-22,1.1233124,0.0,1.5807049,2.5822575,2.064714
2020-12-23,2.2934072,0.21187767,0.91642797,2.6051276,1.3836844
2020-12-24,0.6234815,0.338464,1.9040973,0.0,0.0
2020-12-29,0.5682058,0.5274738,1.4859803,0.6584662,0.49221048
2020-12-30,1.5309272,0.5306406,2.3757958,1.6747463,0.6382995
2020-12-31,0.5394633,0.0,2.8301773,0.0,2.1464431
2021-01-04,1.6880124,0.53462404,2.0530932,2.099632,0.7627322
2021-01-05,0.0,1.5402911,2.3266938,0.13713658,1.16291
2021-01-06,1.3632991,0.7737731,2.7341938,0.0,0.0
2021-01-07,1.0367733,0.0,0.0,0.23993105,0.3463056
2021-01-08,0.0,0.37429625,0.42564067,0.049177706,0.06574756
2021-01-11,4.0926275,0.0,0.0,1.3903866,0.08959526
2021-01-12,1.5731571,1.928682,1.3157356,2.6709247,2.1830494
2021-01-13,1.5921146,0.0,2.3675816,0.0,0.08160496
2021-01-14,1.0703853,1.8310692,1.7682967,0.71938574,1.4307247
2021-01-15,1.4813006,0.7064027,2.280208,0.18223768,0.53804517
2021-01-19,1.1191082,0.0,0.0,1.9379776,2.5195394
2021-01-20,0.0,1.3265674,0.8246099,0.21198976,1.5038433
2021-01-21,0.046634793,1.754493,1.6301755,0.9245149,0.36963698
2021-01-22,0.40658456,0.2929733,1.2725403,0.8198875,0.18141806
2021-01-25,0.0,1.469056,0.0,1.8317235,1.3077443
2021-01-26,1.9687765,0.0,1.922523,0.9161389,0.31666964
2021-01-27,2.0533736,0.0,2.273259,1.1493881,0.7352989
2021-01-28,2.228405,0.64037555,1.1957376,2.0606372,1.5289211
2021-01-29,0.0,0.5790978,0.17437083,0.45072243,1.1005529
2021-02-01,1.0052944,0.9222853,2.4096088,0.7767696,1.4889975
2021-02-02,0.29783735,3.3309996,2.9585612,0.99904287,0.10412282
2021-02-03,2.5913918,0.0,0.0,0.8191049,0.7638222
2021-02-04,0.07165527,0.12206042,1.2744102,0.0,0.0
2021-02-05,1.2648827,0.0,0.0,0.89741427,0.0
2021-02-22,0.11799526,1.9069794,1.4696989,0.0,0.3490769
2021-02-23,2.0921311,3.4033382,5.9727306,0.0,0.0
2021-02-24,1.4541638,0.0,1.1283041,1.8875134,0.0
2021-02-25,0.9803128,0.0,2.4732115,0.0,0.0
2021-02-26,0.74512166,0.2573223,0.0,1.3682731,0.6981587
2021-03-01,2.0483394,0.0,0.0,3.1222606,2.2851095
2021-03-02,0.0,0.0,0.0,1.0664808,0.0
2021-03-03,0.43102753,0.113125086,2.0007384,0.0,0.75629014
2021-03-04,2.1294398,0.728547,0.0,2.8856626,0.4866318
2021-03-05,3.494516,0.57655287,0.0,2.815012,0.5118486
2021-03-08,1.667767,0.17531556,1.1793144,0.0,0.0
2021-03-09,0.20833406,0.0,0.94960403,1.4031044,0.028861701
2021-03-10,0.0,1.450669,1.9514875,1.8802986,0.9185104
2021-03-11,0.2811336,1.7175963,0.15647143,0.6423201,0.95457804
2021-03-12,0.6815137,0.4336568,1.2010411,0.0,0.0
2021-03-15,1.0539289,0.65342134,0.25465468,1.5298746,0.111135066
2021-03-16,0.0,0.4328782,0.6408951,0.0,1.6716204
2021-03-17,1.4585023,0.80261016,1.447044,1.7562842,1.5857693
2021-03-18,0.0,0.0,0.18164748,0.67079896,0.70679504
2021-03-19,0.0,0.77746457,0.6293653,2.5663805,3.0156949
2021-03-22,0.8919925,0.0,1.1013141,0.0,0.23951185
2021-03-23,0.9252505,0.0,0.9481901,1.587888,0.0
2021-03-24,0.32667473,0.0,0.9899662,2.9946713,2.2137415
2021-03-25,1.9453021,1.46883,0.4180128,0.27608442,0.0
2021-03-26,0.0,0.284431,0.0,2.1639757,2.7520807
2021-03-29,0.52084774,1.6351246,0.017758608,0.0,0.26043528
2021-03-30,0.67530984,0.101263165,0.0,1.3656255,0.41746664
2021-03-31,0.71380407,0.64434767,0.0,1.6319034,1.7892463
2021-04-01,0.7880428,0.0,4.6682,1.530194,0.52953625
2021-04-06,0.6632109,2.3274589,0.0,0.12595761,1.4003644
2021-04-07,0.0,0.7298109,3.015294,0.7639135,0.0
2021-04-08,1.0795138,0.6793289,0.54793125,0.9645786,1.6068449
2021-04-09,0.78666556,0.33576283,2.4352045,0.021508276,0.7644975
2021-04-12,1.6805089,0.68314034,0.2805293,1.2665367,2.0085487
2021-04-13,1.3661458,0.86971647,0.0,1.4725541,1.7704045
2021-04-14,1.0394064,0.36437532,2.3968582,0.5071921,0.5486801
2021-04-15,2.249589,0.4745518,2.0709233,0.0,0.0
2021-04-16,0.80943793,1.9612973,2.05155,0.27183437,0.2516572
2021-04-19,1.3988249,1.790993,1.515081,2.1176445,0.33664793
2021-04-20,0.80893564,0.0,0.7137712,1.0205815,0.5017673
2021-04-21,2.0028229,0.8702289,2.8552842,2.2757287,1.4673176
2021-04-22,0.6265125,0.6176295,3.473754,0.477634,1.3524344
2021-04-23,2.6865313,0.0,2.937668,1.5178818,1.7879517
2021-04-26,0.48574105,0.07041758,1.4018071,0.0,0.32790673
2021-04-27,1.8960385,0.3469426,3.6289015,0.40203854,1.0827581
2021-04-28,1.9360473,1.1712966,1.7001333,0.26746994,0.60502756
2021-04-29,0.0,0.0,0.8856045,1.1380999,0.0
2021-04-30,0.63395596,0.4347289,0.0,0.0,1.5151627
2021-05-06,1.9183861,0.3101178,3.2765417,1.4953314,2.502818
2021-05-07,1.3403052,2.193519,3.3431158,0.0,0.0
2021-05-10,0.59557354,0.43439877,1.3535783,0.0,0.22522718
2021-05-11,0.013086081,1.6824325,0.0,1.8251747,0.0
2021-05-12,1.691289,0.57007265,1.5273862,0.91499853,0.8202806
2021-05-13,1.3794065,0.25657547,0.0024437904,2.515974,0.0
2021-05-14,0.0,2.1321003,0.0,2.6618645,0.89718276
2021-05-17,0.0,0.21924108,0.12868911,0.25949895,0.0
2021-05-18,0.0,2.4494076,0.892341,0.0,0.0
2021-05-19,0.5536627,0.40477908,1.0127609,0.6774434,0.75577486
2021-05-20,0.11159909,1.2872009,0.0,2.6953063,3.0092568
2021-05-21,0.0,0.0,0.91963756,1.0316969,2.0530937
2021-05-24,0.8509127,0.0,0.0,1.4893508,0.17402548
2021-05-25,0.9179745,1.310195,0.1592421,0.0,0.0
2021-05-26,0.3336532,2.1381063,0.46559572,1.9026269,0.0
2021-05-27,0.13200355,0.0,0.8689489,0.0,1.2129743
2021-05-28,2.1070068,0.0,2.9682417,0.0,1.644028
2021-06-01,0.51739967,1.463901,0.59473366,0.7727332,0.68097544
2021-06-02,4.070731,1.2390702,2.1220949,1.5949256,0.61669505
2021-06-03,0.2859754,0.0,1.0531476,1.8353446,0.0
2021-06-04,1.0390465,0.16314557,0.0,2.253758,1.4599459
2021-06-07,1.8207078,0.45343974,3.2229588,0.57074684,0.38478678
2021-06-08,0.1515064,1.2092336,0.0,1.1430414,0.7289583
2021-06-09,1.1632515,0.0,1.0712444,0.72815734,0.41721085
2021-06-10,0.8764199,0.93932,0.89743114,0.6712188,1.087538
2021-06-11,1.3471751,1.1131727,0.42215735,0.80113727,1.3476171
2021-06-15,0.0,0.99451995,0.0,0.0,0.6980564
2021-06-16,0.0,0.35574627,0.0,1.5164065,0.69731396
2021-06-17,0.0,0.719819,0.0,0.0,1.5557647
2021-06-18,0.55567074,0.5321709,0.0,2.156637,4.324482
2021-06-21,1.8625681,0.0,2.5629568,1.72922,0.93005544
2021-06-22,0.9324626,0.44258407,1.6884944,0.4354412,0.0
2021-06-23,0.11197591,0.5835917,0.20444506,0.39829975,0.0
2021-06-24,1.5171142,1.485158,1.5656393,0.0,0.36711755
2021-06-25,0.7222103,1.2874341,0.26651898,0.5872302,0.8437853
2021-06-28,0.0,1.405907,0.0,0.0,0.77528405
2021-06-29,2.7800448,0.72915596,3.9289036,2.2203982,2.4153306
2021-06-30,1.8235874,0.0,0.9931007,1.1013725,0.77505034
2021-07-01,2.2411554,0.0,3.902214,1.8632185,1.6266649
2021-07-02,0.7174966,0.6675716,0.048286974,1.3765478,0.0
2021-07-06,0.36450106,1.397438,0.43543807,0.6522729,0.0
2021-07-07,0.0,2.8564265,0.0,1.1352297,0.7484514
2021-07-08,0.28313977,0.40490392,1.4977682,0.6497414,1.3900638
2021-07-09,0.9889747,0.22193635,0.0,1.4767216,0.43825614
2021-07-12,0.24945411,0.8078479,0.5529342,0.0,0.0
2021-07-13,1.8104377,0.0,3.3919353,2.0903642,1.3059449
2021-07-14,1.3017838,0.3758954,0.8249441,0.95691466,0.0
2021-07-15,0.4826218,0.82751346,2.1468377,1.5808578,1.236245
2021-07-16,0.0,3.2961285,0.0,1.1999421,0.0
2021-07-19,1.9564024,0.60669446,0.5199243,1.0737742,1.1424097
2021-07-20,0.031954825,1.4089757,0.0,3.7328649,4.0983515
2021-07-21,2.1491046,0.5375008,2.0689998,0.120343804,1.030412
2021-07-22,1.5193493,0.16248745,0.40985924,0.044757187,0.0
2021-07-23,0.22208005,0.50200564,0.46917167,0.0,0.0
2021-07-26,0.5971393,1.0191092,0.0,0.40856788,0.11997688
2021-07-27,0.40478402,0.014422238,2.0680363,0.0,0.0
2021-07-28,0.87790036,0.064380884,0.0,1.5623171,1.3928196
2021-07-29,1.003747,0.090519905,2.1810815,0.4022174,1.6322646
2021-07-30,0.28221333,0.87044406,1.7426763,0.0,0.03201115
2021-08-02,0.0,0.0,0.0,1.0628029,0.69322896
2021-08-03,1.4007583,2.161651,1.565307,1.2503825,2.991682
2021-08-04,0.79244626,1.1804221,0.12551248,1.7424138,1.4212222
2021-08-05,0.0,0.18718663,0.7837767,1.8925147,1.6143718
2021-08-06,1.7528479,0.5205308,0.5560289,0.0,1.3655158
2021-08-09,2.2018323,0.0,0.31031,2.340218,1.797869
2021-08-10,1.9218735,0.22651586,0.7047918,4.0392337,1.1061168
2021-08-11,1.1504223,0.27348742,2.2152102,0.0,0.53077686
2021-08-12,0.0,1.080738,0.18673724,0.0,0.8328486
2021-08-13,2.0863526,1.088111,1.5554392,1.3431503,1.5777491
2021-08-16,0.2603751,1.2698638,2.129428,0.31290227,0.7813049
2021-08-17,0.24111134,2.2885253,0.0041974187,0.7393626,2.4484982
2021-08-18,0.18873173,0.29507336,0.0,1.9000664,1.5079089
2021-08-19,0.91422373,0.45652056,1.1078577,2.0133998,1.932935
2021-08-20,0.0,0.8450654,0.0,1.8378183,2.8252392
2021-08-23,0.0,1.3587025,0.0,0.3975789,1.6973248
2021-08-24,1.1633275,0.48671463,1.4499968,0.0,0.0
2021-08-25,1.3324077,0.0,2.0315263,0.46970952,0.0
2021-08-26,1.6887074,0.0,0.8576275,0.66935945,0.6860011
2021-08-27,1.4089932,0.47090042,1.5022397,1.9741687,2.1048834
2021-08-31,0.8698786,1.4227214,1.8221939,0.0,0.030564308
2021-09-01,1.0217803,2.536939,0.0,0.0,1.8958242
2021-09-02,0.0,0.3974144,0.7768869,2.7010899,0.40689123
2021-09-03,2.6391408,1.0679331,0.63433194,1.2279661,0.31493425
2021-09-07,0.28883815,2.02641,1.7885463,0.3316145,0.5526049
2021-09-08,0.9347452,0.27240595,0.0,1.521978,2.2687232
2021-09-09,1.0809957,0.45500636,0.424115,1.0254692,0.7897118
2021-09-10,0.0,1.2362894,0.34263745,0.42277673,1.3806233
2021-09-13,1.0707717,0.0,0.27599713,0.0,0.5321537
2021-09-14,2.116397,1.7272706,0.73910075,2.5382538,1.4698973
2021-09-15,0.8523119,0.051564455,1.5246733,1.8451089,0.99087256
2021-09-16,2.962617,0.0,2.9617257,0.24187857,0.9472693
2021-09-17,1.4230484,0.0,0.0,2.329651,1.9026375
2021-09-22,0.101517916,0.0,0.13735121,0.66221005,1.3888385
2021-09-23,0.44312492,2.8616054,1.9353375,1.2725697,0.92262137
2021-09-24,2.7043457,0.23734227,0.9092672,1.2328979,0.10957444
2021-09-27,0.847079,0.0,1.0789043,1.1078851,0.0
2021-09-28,3.9818935,2.479352,1.061403,4.159612,0.0
2021-09-29,1.433213,0.9576993,0.20616084,1.7242892,0.84781444
2021-10-11,1.7514194,0.0,0.0,1.5728025,0.97657835
2021-10-12,5.2087817,7.0131516,1.822655,0.57006824,0.0
2021-10-13,0.49104172,1.4840269,0.0,0.89311147,1.8728335
2021-10-14,0.0,1.6272142,0.5667203,0.0,0.0
2021-10-15,0.21812001,0.15709028,1.4159467,0.0,0.0
2021-10-18,0.8860271,0.0,0.6480381,0.0,0.45662147
2021-10-19,0.20730484,0.0,0.62523675,0.9181948,1.0015594
2021-10-20,0.08405298,0.8381368,1.2811533,1.5459039,0.6500689
2021-10-21,0.40432847,0.15642977,2.268628,0.0,0.0
2021-10-22,0.114254475,0.54748523,0.0,2.9348106,3.376273
2021-10-25,1.0645183,0.7121797,1.4229138,0.5221722,1.6006491
2021-10-26,1.3083367,1.1969584,2.1569853,0.73909986,0.34336993
2021-10-27,1.5919118,0.0,0.5107686,1.2612889,1.7624434
2021-10-28,0.43616837,0.33706784,0.94678724,3.1217833,1.922307
2021-10-29,0.40914473,0.020278692,0.95957416,0.0,1.8810837
2021-11-01,0.0,0.0,0.47175893,1.0629396,0.0
2021-11-02,0.0,0.0,4.0790086,0.0,2.5894732
2021-11-03,1.1197088,0.09915471,0.057100594,1.6414547,1.134985
2021-11-04,1.0473976,0.64605534,0.0,3.7331452,0.81243443
2021-11-05,0.0,1.8559573,1.0102293,1.5165212,2.0975432
2021-11-08,0.32382578,2.1809356,0.0,0.1646452,0.7516963
2021-11-09,0.5486514,2.0354702,0.5194538,0.2492153,0.5623251
2021-11-10,1.070935,0.0,0.92211676,0.36695886,0.047106385
2021-11-11,0.0,0.0,2.9229748,0.36380875,1.8636007
2021-11-12,1.3581412,1.8080844,2.1859934,0.34835106,1.1830444
2021-11-15,0.0,0.0,1.5027125,0.0,1.1184931
2021-11-16,0.0,0.0,0.6052873,0.8750826,1.0035437
2021-11-17,1.7156363,0.8193985,0.21281832,2.3998697,0.26125252
2021-11-18,0.38211364,0.0,2.7250023,1.0694841,1.9388603
2021-11-19,0.5748503,0.5939943,0.0,0.64457035,0.6912787
2021-11-22,0.0,0.0,1.1072291,0.0670535,1.8143718
2021-11-23,1.6598301,0.0,0.09402293,0.40680355,0.0
2021-11-24,3.3480844,0.034472346,0.02258128,1.2287962,0.18743181
2021-11-26,0.3443303,1.365635,0.6061878,1.3002377,0.0
2021-11-29,0.0,0.0,2.0359054,5.2835007,5.980073
2021-11-30,0.19596231,0.8019823,0.0,0.0,0.3877882
2021-12-01,0.0,0.0,0.0,1.577252,3.3995109
2021-12-02,1.0970268,0.56257653,0.81872207,1.1768216,0.8229984
2021-12-03,1.4929965,0.0,1.1627398,1.0637366,0.17988098
2021-12-06,0.8189454,0.51604176,2.0352345,0.9933301,0.39495096
2021-12-07,1.2417216,0.86161435,0.0,0.0,0.0
2021-12-08,1.0791293,1.919199,0.23438233,0.0,0.5156286
2021-12-09,1.2727027,1.4232792,0.19691801,0.4325914,0.8791838
2021-12-10,1.3437955,0.28891197,0.08541703,2.2773094,1.8281806
2021-12-13,1.2029856,1.3818886,0.76292473,1.4580364,1.3440115
2021-12-14,1.1973734,1.4163735,1.0474219,1.1571162,2.0783076
2021-12-15,0.6301738,0.0,0.0,1.301196,1.2077177
2021-12-16,1.8186786,0.0980736,0.4996661,2.858346,0.020846069
2021-12-17,0.1962232,1.7987719,2.7148533,0.0,0.0
2021-12-20,0.38763383,0.45799667,1.4660122,1.1733303,1.964637
2021-12-21,0.39334655,0.0,0.34473613,2.2928677,2.3745263
2021-12-22,2.5800114,0.8769989,1.6486706,0.0,0.0
2021-12-23,0.9586297,1.4188784,2.350048,0.0,0.0
2021-12-29,1.1882185,1.0533644,1.1746922,0.5184839,0.5472317
2021-12-30,1.5713859,1.794358,0.17703253,2.5027277,0.0
2021-12-31,0.0,1.0780098,0.0,0.0,1.3438389
2022-01-04,0.0,0.8479142,1.7518182,1.3478494,1.6349742
2022-01-05,2.0243223,0.0,1.1812382,0.0,0.0
2022-01-06,1.3299814,1.9893358,1.0006421,2.0969322,0.0
2022-01-07,3.01857,0.45386872,0.0,2.4488,0.7190768
2022-01-10,1.130923,0.77251744,1.7979524,0.8803662,0.983291
2022-01-11,1.5378458,1.762773,0.55886424,2.0843658,2.4667597
2022-01-12,0.92483217,1.9899555,2.16734,0.0,0.0
2022-01-13,1.7504199,2.1038306,1.8276789,1.2393762,0.11011082
2022-01-14,0.0,1.0386683,0.0,0.8596473,1.0900843
2022-01-18,1.6443982,1.1409881,0.45021704,1.5438844,0.20088077
2022-01-19,2.4254413,1.8455169,2.088077,1.3698235,0.59494734
2022-01-20,1.3641038,1.8602214,3.7793322,0.0,0.0
2022-01-21,0.082108796,0.25794587,2.1309178,0.13168019,0.0
2022-01-24,1.6663508,0.6393723,0.5167922,2.1263995,1.7637084
2022-01-25,2.1517746,0.5335698,1.043474,2.779998,3.1308632
2022-01-26,1.348947,1.2681017,1.0928074,0.37778914,0.17055017
2022-01-27,0.95939887,1.3956352,0.0,1.7466366,0.0
2022-01-28,3.0631158,0.92294425,0.0,3.5797691,0.42531836
2022-02-07,1.2398298,0.0,0.89024645,0.6130701,0.3966332
2022-02-08,0.24748161,0.9712204,2.0123692,0.0,0.0
2022-02-09,0.1600743,0.62816644,1.2221318,1.3534579,2.1269472
2022-02-10,0.61682546,0.2680519,1.838841,0.0,0.009160817
2022-02-11,0.0,0.7036823,0.106981575,0.14648747,0.54935217
2022-02-14,3.3111408,0.9147954,0.7364857,2.8555257,0.82350266
2022-02-15,0.65064776,1.9563174,1.2501965,0.1341517,1.230213
2022-02-16,0.093126655,0.3477409,0.82601035,3.1281836,0.7629368
2022-02-17,0.87359947,1.5925059,2.7835135,1.1595488,0.027915
2022-02-18,0.018022835,0.878268,2.7739205,0.63277185,2.0943508
2022-02-22,1.8114965,0.8549615,1.4733598,1.7309809,0.78132105
2022-02-23,2.2960424,1.1570386,3.199894,0.7613913,0.0
2022-02-24,2.327537,1.4723167,2.0194662,2.5602856,0.9145336
2022-02-25,2.8385587,1.7609694,1.5323095,0.10966724,1.4823166
2022-02-28,0.0,0.8114377,0.0,1.4143817,2.803187
2022-03-01,4.119405,0.0,2.5151997,0.6642035,0.0
2022-03-02,3.646039,2.6441612,3.7598903,0.0,0.0
2022-03-03,7.4179573,4.352262,0.0,2.0257545,0.0
2022-03-04,0.5011188,0.54230225,2.65419,0.0,2.5200405
2022-03-07,3.772484,3.8975604,0.69337183,0.0,0.81044084
2022-03-16,0.7183389,2.4066627,2.018086,0.0,0.0
2022-03-17,0.0,0.0,0.0,7.837718,10.335011
2022-03-18,3.6486754,2.8880553,0.4647097,0.0,0.0
2022-03-21,1.1031436,0.8793273,0.0,1.0399779,0.4118888
2022-03-22,3.3799226,1.0012461,0.5405941,0.0,0.0
2022-03-23,1.9517754,0.5866168,0.09045464,2.6201138,0.8597257
2022-03-24,1.1026378,1.0079395,0.5510147,0.0,0.0
2022-03-25,0.0,2.3347616,1.3538332,0.8676085,1.4637536
2022-03-28,1.359441,0.0,0.8873915,1.5267072,0.46975908
2022-03-29,0.0,0.0,1.041663,1.4309084,4.6037183
2022-03-30,0.0,0.0,0.0,1.9483435,1.8239602
2022-03-31,1.7613016,0.0,3.3356066,0.0,1.1062894
2022-04-01,0.0,0.680333,0.7861637,0.9953798,3.562948
2022-04-06,0.0,0.0,0.48866796,1.4440701,1.2224702
2022-04-07,2.5775328,0.0,2.3207812,2.2617462,1.8069427
2022-04-08,0.17057699,0.6536613,1.9096953,2.14452,1.4286907
2022-04-11,1.9224211,0.4345122,1.9301645,0.0162161,0.0
2022-04-12,0.0,0.36979294,1.0279202,1.5137296,1.3813562
2022-04-13,1.61484,1.4383794,0.61443937,0.0,0.0
2022-04-14,1.659344,1.3958831,0.40713367,0.08268571,0.0
2022-04-19,1.8953276,1.0738763,0.0,0.7031319,0.0
2022-04-20,0.7124984,0.0,1.5371177,2.5147674,0.0
2022-04-21,0.8554125,0.0,0.47852057,0.800593,0.0
2022-04-22,0.5258986,0.24858195,0.0,0.6251464,0.43153164
2022-04-25,0.5316599,0.0,0.0,1.6185219,1.2200054
2022-04-26,1.5261092,0.0,0.0,2.3976915,3.3190775
2022-04-27,1.786696,1.2777004,0.21250272,0.0,0.0
2022-04-28,1.8915523,0.9169097,0.0,0.9712276,0.0
2022-04-29,1.7577752,1.1603202,0.0,0.34779862,0.0
2022-05-05,0.0,1.2178018,1.1075429,1.4947982,0.54187226
2022-05-06,2.8684225,1.8306252,0.0,4.863824,3.3523564
2022-05-09,0.48273876,1.1451259,0.0,1.8105898,1.7630618
2022-05-10,0.0,0.0,0.0,2.2617376,3.2521598
2022-05-11,1.5100137,0.22485399,0.8264748,1.4300363,1.0276033
2022-05-12,1.4510086,0.7921548,1.7247939,0.0,0.0
2022-05-13,2.9992988,0.0,0.0,1.9099724,2.480051
2022-05-16,0.95886064,0.52841127,0.3681795,0.4468085,0.0
2022-05-17,1.8578432,2.453877,1.4226308,0.00622499,2.0694082
2022-05-18,0.3467756,0.41806543,1.9618669,0.45498964,0.86986464
2022-05-19,0.0,0.2414709,0.0,1.9754972,3.0627015
2022-05-20,0.0,1.3017058,0.8621123,0.0,0.0
2022-05-23,0.657285,0.4952152,0.2253288,1.4012771,0.10624713
2022-05-24,0.716655,1.1261995,0.9010321,0.86230844,0.5284389
2022-05-25,0.0,1.2540182,0.2031231,1.4341695,0.642784
2022-05-26,1.0623249,1.2085936,0.0,1.6463687,0.4417004
2022-05-27,1.2458718,0.830508,1.0467055,1.0555421,0.0
2022-05-31,0.8533847,0.7609019,0.81590605,0.0,0.3842339
2022-06-01,0.0,2.073833,0.0,0.42751342,0.39571714
2022-06-06,0.0,1.3304036,1.0664537,1.9899793,0.12840432
2022-06-07,2.7329454,1.995528,1.5474759,0.27782303,0.0
2022-06-08,0.0,0.0,0.69304913,1.2123368,0.35994682
2022-06-09,0.4042214,0.0,0.7887032,0.020434141,0.0
2022-06-10,1.9272456,0.22584555,0.58215857,1.6722965,0.454141
2022-06-13,0.033875406,0.7793398,0.54206395,1.4254186,2.4138389
2022-06-14,1.2526537,0.0,0.0,2.619018,3.1650348
2022-06-15,0.0,0.0,0.0,0.3885515,0.9934968
2022-06-16,0.0,0.7771014,1.2697191,0.18256867,0.30160576
2022-06-17,0.53629225,1.2946754,1.7287763,1.2279472,1.0331885
2022-06-21,0.0,0.0,0.26154664,1.8335335,2.5255313
2022-06-22,0.0,1.3503011,0.0,0.0,0.17552483
2022-06-23,0.84202045,0.39932978,0.0,1.4792087,2.7217326
2022-06-24,0.0,0.8136187,0.0,1.1197188,3.817853
2022-06-27,1.5469484,1.1105676,0.0,2.4630098,1.6167433
2022-06-28,0.15799677,0.36450693,0.8885208,1.2494009,0.6164825
2022-06-29,1.3801655,0.0,0.90077436,0.643852,0.20912915
2022-06-30,0.0,0.46777278,1.1640236,1.8962779,0.0
2022-07-01,0.0,0.07577455,0.0,2.3217478,2.586869
2022-07-05,1.2708794,1.2657673,0.0,1.5272088,2.6040285
2022-07-06,0.0,0.0,0.0,3.161942,5.4105206
2022-07-07,0.008485258,0.0,0.9054895,1.5748398,1.9242876
2022-07-08,3.0514073,1.9246755,1.3440084,0.0,0.0
2022-07-11,2.1823397,0.0,2.5377908,0.27244663,0.44344932
2022-07-12,0.95635986,0.18020397,0.0,1.8651063,0.0
2022-07-13,0.0,1.0656133,0.0,2.898383,3.6293955
2022-07-14,0.74047476,1.3349943,1.4102094,1.3116986,2.3442872
2022-07-15,0.9736173,0.0,0.0,3.0723238,2.1277728
2022-07-18,0.0,6.192644,0.0,1.8169575,2.292345
2022-07-19,1.3793797,0.7775861,2.9378543,0.0,0.0
2022-07-20,0.0,0.74671215,0.0,1.4042398,1.3235977
2022-07-21,0.67177325,1.3146213,0.038814425,0.66196394,1.405837
2022-07-22,0.0,1.3045633,0.52865994,1.9197686,2.4451132
2022-07-25,0.0,0.92956144,0.4770577,1.2790315,0.0
2022-07-26,1.4905984,0.0,0.3322088,0.49801075,0.0
2022-07-27,1.8471353,0.0,2.0619016,0.54410887,0.0
2022-07-28,0.7574675,0.7190771,0.25162482,0.60504967,0.0
2022-07-29,0.5954654,0.76942146,3.7853892,0.0,0.0
2022-08-01,0.0,0.88558745,1.6457455,0.0,0.0
2022-08-02,0.0,0.8218075,2.0043619,2.825899,4.3198953
2022-08-03,0.0,1.0488397,0.0,1.0622697,1.2683489
2022-08-04,0.7920302,0.2566636,0.99141765,2.2118108,1.6675222
2022-08-05,0.0,0.0,3.3125832,0.0,0.14465064
2022-08-08,0.3366519,0.0,0.96691686,0.4449746,0.518816
2022-08-09,0.0,1.1160991,1.3452833,0.58024776,0.18180853
2022-08-10,1.8179364,0.06034583,1.0642382,0.16988426,0.0
2022-08-11,1.2742872,1.3248413,1.4838109,0.0,0.0
2022-08-12,1.6493585,0.6943006,1.3422217,0.14942968,0.0
2022-08-15,1.0715244,1.5817032,1.0201387,1.7773318,1.3463625
2022-08-16,0.20647526,2.739731,0.0,0.32024765,6.415957
2022-08-17,0.0,1.3794103,0.0,0.88632417,1.664489
2022-08-18,1.5327326,0.2837914,0.0,1.5419309,0.2603777
2022-08-19,0.2640127,0.16097584,0.0,0.08828437,0.0
2022-08-22,2.0457397,0.40633896,1.0912669,0.740522,0.7980162
2022-08-23,1.7257581,0.0,1.3768103,1.4846079,0.5886735
2022-08-24,1.4734851,0.13692874,1.3928143,0.0,0.0
2022-08-25,1.9357663,0.964015,1.0931406,0.5715647,1.666254
2022-08-26,0.0,1.2117928,0.752324,1.0584688,0.25166324
2022-08-30,2.3005595,0.0,0.9918354,0.44048557,0.0
2022-08-31,0.19386202,0.0,0.31549713,2.617809,3.7210636
2022-09-01,1.0064945,0.0,0.9177709,2.1010003,1.47439
2022-09-02,0.0,0.8189977,0.0,3.716369,4.0993567
2022-09-06,0.9528544,0.4283665,1.4816556,1.0103748,0.0
2022-09-07,0.10006976,0.5911722,0.43190262,0.11105496,1.0491017
2022-09-08,0.0026345253,1.1408612,1.8329756,1.3697647,2.8955157
2022-09-09,0.22046739,0.8089075,0.9431347,0.374029,0.0
2022-09-13,1.615447,0.68347406,2.282812,0.0,0.0
2022-09-14,0.9035914,0.30744427,1.8852304,0.88754535,0.0
2022-09-15,0.39773145,1.4642338,0.24455655,1.0569521,2.6863358
2022-09-16,0.0,0.59276843,0.0,2.0233908,2.6905534
2022-09-19,0.07309246,0.07931042,0.96492666,0.62016773,0.18269223
2022-09-20,0.41628724,0.70858955,0.0,0.56187826,0.0
2022-09-21,1.9127436,0.0,1.9536535,0.36472097,1.6955265
2022-09-22,0.38332585,1.3657942,0.56594694,1.2426767,1.6190913
2022-09-23,1.0836673,0.58556694,0.85887694,0.1330018,0.41804522
2022-09-26,0.0,0.0,0.0,2.9711204,3.9925299
2022-09-27,0.52395046,0.0,0.0,2.1008523,2.8659973
2022-09-28,1.8444616,0.8668564,0.0,0.612414,0.49530378
2022-09-29,1.5377266,2.8176775,1.3588735,0.0,0.0
2022-10-10,0.27616197,0.5272656,1.1368731,0.5829481,0.1287607
2022-10-11,3.0948396,4.215667,1.4378726,0.0,0.0
2022-10-12,0.0186041,0.67092615,0.43453777,1.4276941,1.307771
2022-10-13,0.72114754,0.0,0.0,0.8953115,0.661805
2022-10-14,1.0956839,1.1020945,0.63921034,0.11338568,0.8737002
2022-10-17,0.45921135,0.0,0.0,2.214354,2.0778425
2022-10-18,0.0,1.6876342,0.63310575,0.31640032,2.0671387
2022-10-19,0.0,0.0,0.9154779,1.7032669,0.9034317
2022-10-20,0.6080506,0.0,0.0,0.64920807,0.14281255
2022-10-21,0.0,0.48507825,1.5688018,0.0,0.0
2022-10-24,0.30815652,1.175184,1.5479407,0.8072444,0.22011107
2022-10-25,0.4474778,1.169143,0.0,0.79872936,0.83273906
2022-10-26,1.2837241,1.0147481,0.6782285,0.8383787,0.38784102
2022-10-27,0.9399599,2.6555886,0.59772635,0.016573489,0.0
2022-10-28,0.31145236,0.48641938,0.0,0.0,0.7953119
2022-10-31,2.1103969,0.49492943,0.0,2.924566,2.0569143
2022-11-01,2.1806626,0.0071097612,3.5922132,2.22132,3.746621
2022-11-02,0.0,0.0,3.9720335,0.6510223,0.49274048
2022-11-03,1.1273608,2.0433722,0.20116997,1.6545178,0.0
2022-11-04,1.6502659,0.8579807,0.0,1.5751767,1.1182725
2022-11-07,0.6710098,3.6579664,3.2645984,0.0,0.0
2022-11-08,0.14446956,1.3146338,1.4037158,2.3646228,1.3707302
2022-11-09,0.0,1.0912851,1.6069522,0.0,1.3731191
2022-11-10,0.0,0.0,1.0936526,1.7068453,1.9919213
2022-11-11,0.0,2.3768263,2.0110373,0.021490633,0.6590962
2022-11-14,0.9662502,0.68554884,1.308809,0.0,0.0
2022-11-15,0.0,0.8040622,1.6666751,0.63920075,1.8743966
2022-11-16,1.8611933,0.2009219,0.26057404,1.0181799,0.08338177
2022-11-17,0.6253521,1.1339042,0.0,1.8280512,2.2778869
2022-11-18,0.5190432,0.0,0.0,2.4558232,2.322476
2022-11-21,0.6991611,0.016017616,0.90768385,0.98855966,0.91875684
2022-11-22,1.1606069,0.27641937,0.41453883,2.3607492,1.3325417
2022-11-23,0.2604917,1.1501017,0.9236984,0.0,0.0
2022-11-25,0.27055353,0.45741746,2.0240245,1.9392092,1.2252127
2022-11-28,0.0,0.0,0.8093084,1.1829038,0.7786035
2022-11-29,0.866182,0.0,0.0,0.76936895,0.026694715
2022-11-30,0.99338627,1.5176356,1.4762623,0.71156746,0.30041406
2022-12-01,0.5435223,1.551927,0.6488367,0.0,0.0
2022-12-02,0.0,3.172632,0.97314036,0.0,2.7418492
2022-12-05,0.0,0.0,0.5767278,0.3441076,1.2647986
2022-12-06,0.0,0.0,0.0,1.1159278,1.8850656
2022-12-07,0.0,0.0,0.8502014,0.837569,1.4205387
2022-12-08,0.0,0.7683616,2.546435,0.9262886,1.4288434
2022-12-09,0.7395473,0.65701246,1.114035,0.68714786,0.7779716
2022-12-12,0.0,1.2357962,1.0279026,1.1674069,0.5026111
2022-12-13,2.1752682,0.075472,0.16213202,0.93173236,0.38088185
2022-12-14,1.4192955,2.621644,1.3189746,0.40681997,0.0
2022-12-15,1.064992,1.274152,0.0,0.012484312,0.10539597
2022-12-16,1.6594553,0.0,0.0,1.7046702,2.447083
2022-12-19,0.0,0.0,0.7418839,1.9711556,0.7933188
2022-12-20,0.09803265,0.1804769,0.02330488,0.41185546,0.5264307
2022-12-21,0.0,1.011317,2.5198917,0.0,0.0
2022-12-22,1.307888,0.66689765,0.7633097,0.4927022,0.0
2022-12-23,1.0930866,0.0,0.0,1.2187521,1.6933205
2022-12-28,0.19865456,1.1209183,0.40478772,0.0,0.0
2022-12-29,0.0,0.0,0.9035402,0.0,0.0
2022-12-30,0.0,1.0735874,1.1792971,0.6920499,0.42747435
2023-01-03,0.95746094,0.9383811,0.0,0.0,1.0132422
2023-01-04,0.0,0.44321978,1.2800283,1.5401586,1.9380549
2023-01-05,0.0,0.009435296,0.36973682,2.6141088,1.7717559
2023-01-06,0.35645482,0.0,0.0,0.0,0.18487543
2023-01-09,0.0,1.0273943,1.5327902,0.0,0.0
2023-01-10,0.0,0.5907712,0.40127575,0.0,0.0
2023-01-11,0.3985077,0.6531206,0.0,0.10275638,0.52225125
2023-01-12,0.5174278,0.8946356,0.0,0.0,0.10835123
2023-01-13,0.9398817,0.44257146,1.601657,0.004556775,0.0
2023-01-17,0.18901956,0.54213023,0.97339135,0.0,0.106310785
2023-01-18,1.8594112,0.7703562,0.842321,1.1354804,1.1492918
2023-01-30,0.0,0.44918746,0.16519654,0.038995087,0.08474207
2023-01-31,0.0,0.0,4.518297,0.0,5.4742103
2023-02-01,0.8594991,0.97101295,1.7573552,0.0,0.8615846
2023-02-02,0.0,0.0,0.4622275,1.5680497,2.7452374
2023-02-03,0.0,0.0,1.2272298,0.50769037,0.55455405
2023-02-06,0.30560628,0.0,0.0,2.1250558,2.4975348
2023-02-07,1.0405049,0.20828444,0.0,1.7622409,0.51591665
2023-02-08,1.9282861,1.9485408,0.4574675,0.34380093,0.0
2023-02-09,0.0,0.18842384,1.0443146,0.0,1.083231
2023-02-10,0.0,0.21394968,0.52815914,0.3516344,1.7381136
2023-02-13,2.0399432,0.0,0.70824504,1.3765233,0.26532674
2023-02-14,0.31168002,0.03799534,0.13538814,0.0,0.21938115
2023-02-15,1.3907642,1.0147322,1.1282119,1.5421189,1.2593596
2023-02-16,0.0,0.0,0.0,2.3603396,0.0
2023-02-17,0.0,0.4886817,1.4473195,0.2547558,0.7063259
2023-02-21,0.0,0.0,0.94509315,0.1562317,0.97488
2023-02-22,0.0,0.0,0.98065877,0.0,0.0
2023-02-23,0.0,0.0,1.4618611,0.7387532,1.9789543
2023-02-24,0.43460217,0.46946973,0.0,1.2100714,0.8839154
2023-02-27,0.8966191,0.16176623,0.0,1.5102797,0.59948725
2023-02-28,0.38241357,2.486958,1.4634156,0.3016199,1.9186043
2023-03-01,0.0,1.0825864,0.0,0.0,0.0
2023-03-02,0.05491203,0.0,0.0,0.0,0.0
2023-03-03,1.0712365,0.0,0.3041272,1.2283359,0.6063487
2023-03-06,0.23916969,1.3423746,1.0704997,0.08574176,0.3916781
2023-03-07,0.0,0.0,0.20621938,0.0,0.7903528
2023-03-08,0.89829165,0.0,0.0,2.18222,2.709996
2023-03-09,0.0,0.0,0.15888149,0.09532142,0.04510528
2023-03-10,0.0,1.2609217,0.23987895,1.4084263,1.6866827
2023-03-13,0.62198997,0.90337837,0.60789657,0.15686828,0.45975956
2023-03-14,0.0,2.8271656,2.8539002,0.8746388,1.2688749
2023-03-15,0.10235107,0.0,1.2286928,1.1650584,1.4134125
2023-03-16,0.0,0.0,0.93392813,1.9067466,2.6449547
2023-03-17,0.65142906,0.2622049,0.45038533,0.0,0.043504298
2023-03-20,0.0,1.1798011,1.4266008,0.0,0.66318923
2023-03-21,0.0,0.2893604,0.123123705,0.0,0.0
2023-03-22,0.61944896,0.52209914,0.0,0.253519,1.1816306
2023-03-23,0.0,1.2290053,0.0,0.0,0.42286658
2023-03-24,0.0,1.5072477,0.49286392,0.0,1.4320955
2023-03-27,0.4076221,0.0,1.4797955,0.18030268,0.32225296
2023-03-28,0.5869195,0.0,0.0,0.0,0.0
2023-03-29,0.19879445,0.5377812,0.9098708,0.0,0.0
2023-03-30,0.0,0.0,1.0973864,0.0,0.61055
2023-03-31,0.00879097,1.5159917,1.0780036,0.685562,0.9568738
2023-04-03,0.7568814,0.053198576,0.91225135,0.001627624,0.0
2023-04-04,1.0974146,0.42833376,0.0,0.44922173,0.0
2023-04-06,0.0,1.5346203,1.1928493,0.58608335,1.6556151
2023-04-11,0.5015251,1.1024159,0.47879067,0.60858965,1.2982738
2023-04-12,0.3262832,0.0,0.7503597,0.0,0.350011
2023-04-13,0.0,0.23450181,0.20567203,0.0,0.0
2023-04-14,0.0,1.0367521,1.4497318,0.0,0.13901311
2023-04-17,1.1405265,0.0,0.41726938,0.040483236,1.1583443
2023-04-18,0.76521546,0.0,1.772491,0.96561897,0.6891544
2023-04-19,0.0,1.196478,1.6916399,0.77622694,0.0
2023-04-20,0.0,0.0,0.10221845,1.1677248,1.0421357
2023-04-21,0.23954213,1.2065425,0.720468,1.8781629,2.73891
2023-04-24,0.0,0.20419309,0.0,0.5361408,0.80417436
2023-04-25,0.15990454,1.2171518,0.0,0.33402738,1.1266904
2023-04-26,0.65080464,0.9108576,0.39793837,2.3505447,2.893754
2023-04-27,0.0,0.21594715,0.6085094,1.6130278,0.45274627
2023-04-28,1.1339266,2.3332455,0.9754164,1.9829832,1.9479263
2023-05-04,2.2364297,0.73981994,1.5262928,0.62105006,0.39353797
2023-05-05,0.0,0.0,4.089916,1.9434357,5.1934547
2023-05-09,2.918098,0.9865246,1.4254203,0.0,0.2154156
2023-05-10,3.0627344,3.5727923,0.871027,2.159358,1.9140037
2023-05-11,1.5366453,1.004189,0.5134847,1.6555874,2.3305097
2023-05-12,1.0693065,0.0,0.0,2.8864753,2.135736
2023-05-15,0.57692564,0.2433162,0.6756457,0.8728425,1.5931892
2023-05-16,2.0327797,3.3423128,0.7522754,2.7170835,0.9595386
2023-05-17,1.6497464,1.3134394,0.0,1.9353771,3.1763616
2023-05-18,1.3079181,3.254361,0.0,0.6440828,1.0197076
2023-05-19,2.208974,1.2078394,0.8981508,3.542309,1.7875581
2023-05-22,0.7083715,2.3569436,1.3697543,1.306009,1.8696246
2023-05-23,2.6403418,0.0772028,1.6970013,1.6329501,1.3436587
2023-05-24,2.307576,1.1636021,0.36719346,1.655313,2.8465445
2023-05-25,1.2316031,0.06727189,0.0,1.3161169,0.2745704
2023-05-26,0.0,0.0,0.42614898,0.5289166,0.86483204
2023-05-30,0.33192238,0.41553432,1.2417427,0.0,0.024672985
2023-05-31,0.0,1.6879076,1.2788137,2.480496,3.4534218
2023-06-01,0.43320966,0.6982297,0.36365122,2.1944466,0.3568779
2023-06-02,0.03694415,0.6793774,2.3293016,0.3640274,0.0
2023-06-05,1.5119956,0.0,0.47856122,0.52561474,0.0
2023-06-06,0.8992825,1.4415979,0.18160886,1.1090969,0.27988076
2023-06-07,0.36432627,0.04600936,1.5362587,0.91590774,0.0
2023-06-08,0.26835406,0.25436226,0.0,0.04210776,0.0
2023-06-09,1.9766641,1.48088,3.1869943,1.5069892,1.4105203
2023-06-12,0.89281,0.38127056,1.4266262,1.8164217,0.2966952
2023-06-13,0.7354641,0.0,0.9268074,2.0018842,2.3694155
2023-06-14,0.5243527,0.12187731,0.0,0.0,0.0
2023-06-15,0.20855668,1.4059827,1.4683564,0.37673068,1.2159611
2023-06-16,2.6451879,0.042440653,1.2584126,0.54421043,0.0
2023-06-20,1.8693758,0.4650921,1.9851415,0.49242562,0.18116844
2023-06-21,0.88339555,0.0,0.0,2.3661277,1.4996251
2023-06-26,1.5664158,0.0,0.0,0.0,1.047365
2023-06-27,0.0,0.0,0.17627007,4.630863,0.08671492
2023-06-28,0.0,0.54543585,0.3462044,0.9745615,0.0
2023-06-29,0.0,1.8299108,0.0,1.6575588,0.69626415
2023-06-30,0.8008849,0.49442708,0.53727126,1.9585905,0.0
2023-07-03,0.91998273,1.1443702,2.0542076,1.6808999,0.0
2023-07-05,1.6349304,0.888751,1.3324714,2.3170276,0.37689197
2023-07-06,1.7854451,1.3636345,0.93743753,0.24400353,0.76515496
2023-07-07,0.5153907,0.0,0.0010243654,0.0,2.162775
2023-07-10,0.30725792,2.4424818,6.520748e-05,0.5250714,0.35739446
2023-07-11,0.69547915,0.24585226,1.6434577,1.2872536,0.0
2023-07-12,1.07866,1.1672263,0.68641347,0.6760189,0.30995905
2023-07-13,0.0,3.0715585,0.98903584,0.0,0.72483844
2023-07-14,0.74152356,0.0,2.146803,0.0,0.0
2023-07-17,0.51060945,1.0092736,0.9767836,1.0397791,1.5634513
2023-07-18,0.0,2.619197,0.0,3.1429272,2.202921
2023-07-19,0.7384358,0.34656414,0.79218394,0.0,0.35554168
2023-07-20,2.066411,0.72733015,1.624234,1.2091407,0.67956626
2023-07-21,1.5923432,0.5577206,0.99496746,1.0819708,0.5648251
2023-07-24,0.76535773,0.7732779,0.0,0.6363649,0.0
2023-07-25,2.2695496,0.0,1.7413498,0.0,0.0
2023-07-26,0.0,0.8589394,0.81484586,0.0,0.0
2023-07-27,0.0,0.86292076,0.0,1.3290454,0.0
2023-07-28,0.69270974,0.03720236,0.0,0.07419443,0.9516519
2023-07-31,0.0,1.8824816,0.0,0.043984413,0.25397837
2023-08-01,0.0,2.2296274,0.0,0.0,0.58437675
2023-08-02,1.2455113,0.29243013,0.23617354,1.932652,0.5075846
2023-08-03,0.4666522,0.186167,0.12561691,2.3408923,2.1140924
2023-08-04,0.6329595,1.1635225,0.0,0.66328704,0.004050255
2023-08-07,0.19840491,0.5101054,0.479576,1.0782454,0.0
2023-08-08,1.3541625,0.8552504,0.37962154,1.068038,2.0964532
2023-08-09,1.0399902,0.0,0.0,0.9476102,0.19070917
2023-08-10,1.0338733,1.1807644,0.0,0.4664719,0.0
2023-08-11,0.31869486,0.82123435,1.1293049,0.81110615,1.5045725
2023-08-14,0.77051175,1.256978,0.16079283,1.803267,1.4450089
2023-08-15,0.0,0.0,0.0,1.249028,0.8249376
2023-08-16,0.0,1.6141052,0.0,0.0,4.3019905
2023-08-17,0.59806067,0.0,0.87384444,0.54319596,0.7249496
2023-08-18,0.0,0.1871877,0.23422936,0.17413181,0.0
2023-08-21,0.18141013,0.0,0.69297147,0.12221843,0.0
2023-08-22,0.0,1.2459524,0.9553379,1.3293598,0.6776212
2023-08-23,0.18194363,1.4899968,0.21316022,0.0,1.5943902
2023-08-24,0.5118061,0.99980253,2.7637503,0.13704348,0.59866923
2023-08-25,0.6374399,0.8199138,0.64549524,1.0084556,0.6505758
2023-08-29,1.4858615,1.0448648,0.37742007,0.59975547,0.0
2023-08-30,0.0,1.3200799,0.6944164,0.26004308,0.0
2023-08-31,0.25310895,1.4987423,0.54657996,1.7394612,0.722626
2023-09-01,0.8807719,0.6376739,0.0,0.7469711,0.8933711
2023-09-05,0.8851721,1.1971455,1.4056244,0.801179,0.5030193
2023-09-06,1.734264,0.02033037,0.0,0.5067177,0.9283601
2023-09-07,0.640535,0.0,0.25754583,0.51123345,1.031408
2023-09-08,0.5478598,0.8889258,0.0031111836,0.7489105,1.5348611
2023-09-11,1.064964,0.9312142,0.0,1.1263905,0.66636676
2023-09-12,0.0,0.58350354,0.72483677,0.0,0.0
2023-09-13,0.76746774,1.2681186,0.14689744,1.3359077,0.85655254
2023-09-14,0.6672414,0.0,0.26248917,0.04808277,0.0598588
2023-09-15,0.07968533,0.9574727,0.29498392,0.20307177,0.0
2023-09-18,0.525298,0.34027404,1.8406551,0.701984,1.4459215
2023-09-19,0.266318,1.5995276,0.7207321,0.9280294,1.6641327
2023-09-20,0.9153253,1.0042744,0.9647558,0.774146,0.70703256
2023-09-21,0.0,0.0,0.5133398,0.10537571,0.31946194
2023-09-22,0.47624266,0.5811603,0.0,0.9806342,1.7636102
2023-09-25,0.0,0.32212824,1.3324609,0.43524575,0.4493685
2023-09-26,0.12617195,0.0,0.0,0.5452069,1.1996397
2023-09-27,0.9388773,0.16875592,0.24419183,1.0289232,0.9046717
2023-10-09,1.2226655,0.06491798,0.0,0.6033052,0.0
2023-10-10,0.0,0.81380904,2.849912,2.9346611,6.4336777
2023-10-11,0.23196557,0.8181029,0.0,0.93871814,1.027406
2023-10-12,0.0,0.55545676,0.8650663,1.1082952,1.270862
2023-10-13,1.2097397,0.0,1.2036664,1.1728303,0.0
2023-10-16,1.5054946,3.1658723,1.2290394,0.38271338,0.0
2023-10-17,0.54270345,0.6992884,0.58418155,0.07558513,2.2097392
2023-10-18,0.7218615,0.8835958,1.1465456,0.66339743,1.3859745
2023-10-19,0.36973518,0.41246602,0.99548364,0.0,0.36715958
2023-10-20,0.0,0.0,0.5653953,0.0,1.1394119
2023-10-23,0.0,1.621139,0.4368229,0.97212946,0.526572
2023-10-24,0.85468996,1.3434308,0.38740066,1.333109,2.6831126
2023-10-25,0.0,0.0,1.0154411,0.8470426,1.1556063
2023-10-26,0.46572405,0.7925581,1.4297454,0.19927561,0.73971635
2023-10-27,0.8325016,0.65545666,0.670106,1.6392176,1.2854851
2023-10-30,0.08997917,0.25578195,0.54734993,0.0,0.0
2023-10-31,0.0,1.4952385,2.198713,1.4842255,1.5777264
2023-11-01,0.8404852,0.58118546,0.60437226,1.0042211,1.6473657
2023-11-02,0.46006382,0.03127885,0.49084258,0.37104797,1.9340224
2023-11-03,0.9494394,0.80689466,0.62807727,0.858775,0.0
2023-11-06,0.0,0.41897,1.9945302,0.300533,1.2506325
2023-11-07,0.76889706,0.0,0.8312944,0.0,0.40449846
2023-11-08,0.0,0.0,0.0,1.6551806,1.5845095
2023-11-09,0.251544,0.0,1.2268331,0.49792585,1.141192
2023-11-10,0.67938584,1.3720078,0.5600533,0.946583,1.5980299
2023-11-13,0.9582806,0.0,0.0,1.599751,0.0
2023-11-14,0.9514284,0.0,1.4497023,0.0,0.0
2023-11-15,0.0,1.3456371,1.4367683,0.4753912,0.0
2023-11-16,0.0,0.33515695,1.0894954,0.52519834,0.036822796
2023-11-17,0.0,0.90865993,1.2074662,1.8416818,2.8425443
2023-11-20,0.30161384,1.29037,0.0,0.33293557,0.0
2023-11-21,0.7716415,0.43647185,0.81750244,0.0,0.0
2023-11-22,0.2897794,0.6567703,0.96198404,0.09090692,0.29284668
2023-11-24,0.21392211,0.0,0.0,1.2514699,1.1652591
2023-11-27,0.0,1.0342453,0.0,0.0,1.6317749
2023-11-28,0.23015124,0.8185008,0.23255473,1.3773391,0.59375954
2023-11-29,0.0,0.7440943,1.4613914,0.0,0.0
2023-11-30,0.64654285,0.086847365,1.2589165,0.0,1.6061413
2023-12-01,0.24108371,0.0,0.8199281,0.93173355,0.7185309
2023-12-04,0.0,0.56409496,1.300215,0.41774854,1.267081
2023-12-05,1.123403,0.0,0.0,0.89381963,2.033032
2023-12-06,0.0,0.0,0.0,0.51317894,0.5007694
2023-12-07,0.0,0.0,0.0,0.95049834,0.9274529
2023-12-08,1.5064331,0.5115769,1.6991256,1.3742346,0.0
2023-12-11,0.7730202,0.40846437,0.0,0.1851685,0.117984414
2023-12-12,0.0,0.0,0.0,1.1861352,0.0
2023-12-13,0.0,0.105294466,1.6532931,0.51458645,2.2546408
2023-12-14,0.0,0.73314005,0.0,0.5640233,0.68194073
2023-12-15,0.0,2.7084446,1.9735515,0.0,0.0
2023-12-18,1.6118846,0.0,1.5166135,0.2832979,0.046714842
2023-12-19,0.4436391,0.5965443,0.027692318,0.8918204,0.0
2023-12-20,0.81666553,1.7789196,0.5387681,0.22990978,0.85397273
2023-12-21,0.0,0.78908736,0.0,1.0891389,0.18070745
2023-12-22,0.25975594,0.59221447,0.42331028,0.88914293,1.1288229
2023-12-27,0.7107346,1.36313,1.3444717,0.6351502,1.0827268
2023-12-28,0.15805161,0.3054255,2.0037744,0.0,0.81276417
2023-12-29,0.80985665,1.2118644,1.5615954,1.1056731,2.6833017
2024-01-02,0.0,0.0,0.0,0.979792,0.12533885
2024-01-03,0.12377602,0.8697612,0.78312784,0.95575625,2.9000964
2024-01-04,1.972913,0.58824176,0.0,1.0867906,0.06285393
2024-01-05,1.3329762,0.6329388,0.94417995,2.300355,1.392521
2024-01-08,0.7797354,1.4970732,0.3380106,0.8494671,1.0081725
2024-01-09,0.54111737,0.75681955,0.69912446,2.292288,1.8261704
2024-01-10,2.1569047,0.74938583,0.62505484,1.0509725,0.023761332
2024-01-11,0.0,0.26818478,0.33075145,0.82828987,1.175398
2024-01-12,0.93309456,0.2356757,0.25613046,0.42843872,0.2726286
2024-01-16,0.5905806,2.7790506,0.65084267,1.5187726,1.5362995
2024-01-17,0.0,0.011160195,0.3123342,0.0,0.44456866
2024-01-18,0.93659884,0.27287504,0.0,1.8086116,1.232451
2024-01-19,0.7419801,1.073854,1.1898649,0.01921755,0.41488782
2024-01-22,0.6436414,0.60851467,1.1283013,0.41568267,1.350404
2024-01-23,1.2142663,0.14253896,0.3827105,0.6381034,0.0
2024-01-24,0.66906464,0.71409374,1.814131,0.37542444,0.25439203
2024-01-25,0.8605205,1.4082806,1.4797039,0.12321615,1.0670134
2024-01-26,1.004195,0.91711724,0.0,0.15935236,0.32154965
2024-01-29,0.5586314,1.3679223,0.347457,0.78620106,0.26450008
2024-01-30,0.0,1.2496245,0.6725717,0.73509717,1.9631472
2024-01-31,0.3373133,0.0,1.30179,0.0,0.0
2024-02-01,0.5857831,1.4177761,0.7777905,2.1301723,0.8604673
2024-02-02,0.0,0.3833153,0.8137631,1.7260048,1.4287609
2024-02-05,0.63107383,0.23274434,0.30239716,1.3862667,2.3854363
2024-02-06,1.4647173,0.7617397,0.0,1.531415,0.50012505
2024-02-07,0.3700837,0.8425222,0.8737605,0.5901335,0.0
2024-02-20,1.6174853,1.2541893,0.13944632,1.2943649,0.6107025
2024-02-21,0.0,0.0,0.0,0.36936188,0.0
2024-02-22,1.0253294,1.4774734,0.33760017,1.0049107,1.3201799
2024-02-23,0.32545528,1.3785607,0.0,0.45635077,0.82789654
2024-02-26,0.0,1.4200487,1.0261117,1.4134257,1.0585485
2024-02-27,2.590118,0.4029326,0.25201318,0.90044266,0.8382838
2024-02-28,1.426425,1.4594991,1.5226678,0.5022801,0.90677226
2024-02-29,1.9410441,1.9750247,1.2226157,2.8448403,1.4974444
2024-03-01,0.7417568,0.5572839,0.81810874,0.60344297,0.5058665
2024-03-04,0.0,0.7688128,0.0,0.59728634,0.0
2024-03-05,1.3751814,1.5125265,2.5688813,1.3086863,1.9365706
2024-03-06,0.37042433,0.92192334,0.6525283,1.4143456,1.2205255
2024-03-07,0.38959765,1.4841187,1.2157757,0.035948515,0.4026224
2024-03-08,0.72364116,0.0,1.9454048,0.0,0.0
2024-03-11,0.5229095,0.1872231,1.0972086,1.2309061,1.6774378
2024-03-12,1.1274471,1.4540422,1.6736937,0.022970498,1.2666456
2024-03-13,1.1386688,0.0,1.141522,1.374857,0.34018317
2024-03-14,0.40410998,1.7002516,0.62886226,0.4384487,0.0
2024-03-15,1.5984939,1.1500695,0.0,1.2840962,1.2625159
2024-03-18,0.0,0.2904345,0.07411069,0.120872915,0.0
2024-03-19,1.712137,1.2214787,0.257824,0.9241891,1.2917786
2024-03-20,1.2137667,0.24784437,0.32985216,1.065825,1.3560789
2024-03-21,0.2630989,0.0,1.38908,1.2128932,0.7724504
2024-03-22,0.3485222,0.8283513,1.3846048,0.34154066,0.9971813
2024-03-25,0.935668,0.32479528,0.0,0.85906076,1.9306165
2024-03-26,0.6002558,0.63040376,0.89897275,0.72256947,0.0
2024-03-27,0.14055163,0.7397611,0.08315116,1.2238307,1.5930187
2024-03-28,0.0,0.3926397,0.87805784,0.37477055,1.4878199
2024-04-02,0.99986315,1.019591,1.4212354,0.0,0.358718
2024-04-03,0.38199076,3.0709047,0.89288986,0.5140588,0.23468351
2024-04-08,0.50413656,1.255363,2.4591095,0.0,0.23632938
2024-04-09,0.0,1.4146793,1.8260875,0.0,0.7282474
2024-04-10,0.0,0.84862345,0.9121691,0.73777705,0.7927614
2024-04-11,1.3996782,0.58561265,0.6647008,0.46154308,1.2706996
2024-04-12,0.0,0.48067743,0.10139626,0.4841146,0.7412359
2024-04-15,0.6642986,0.3511217,0.93872285,0.0,0.26125008
2024-04-16,0.0,0.7580347,0.71507823,0.56216896,0.4796846
2024-04-17,0.3895471,0.7992902,0.32986286,0.85156363,1.1776328
2024-04-18,0.0,0.0,1.1392092,0.7207211,0.650745
2024-04-19,0.4462073,1.35707,0.63031656,0.5589233,1.7901764
2024-04-22,0.46012408,0.5804075,1.6264718,0.005824566,0.0
2024-04-23,1.9442886,0.0,0.04069692,1.0588641,0.6586398
2024-04-24,1.5314201,0.40343097,0.43935728,1.7140212,0.7661175
2024-04-25,0.4207613,0.36272633,0.51423997,0.117286086,1.3922708
2024-04-26,0.16176748,0.2154232,0.6759204,0.09431422,0.2326541
2024-04-29,0.83618915,0.7302473,0.77678406,0.48520577,0.8146786
2024-04-30,1.0695559,2.7847085,1.7754443,0.78522015,1.3657756
2024-05-07,0.51017195,0.0,0.0,1.4323412,1.394176
2024-05-08,2.37114,0.5481144,4.148672,2.854934,1.4756184
2024-05-09,0.3236153,1.4103458,0.0,1.5445892,1.1105555
2024-05-10,0.62617266,1.6323894,1.0986791,0.14587116,1.8289583
2024-05-13,0.39286947,0.0,2.3339658,0.81877255,0.01289469
2024-05-14,0.7912357,0.15810406,0.63143194,0.15695655,0.38143298
2024-05-15,0.0,1.118378,1.0354061,0.03089434,1.1814334
2024-05-16,0.0,0.97592765,1.0679857,0.83264726,0.0
2024-05-17,0.91651875,0.9731761,0.53896105,1.672981,0.018160403
2024-05-20,0.0,1.5830085,1.8838017,0.0,0.0
2024-05-21,1.6605188,0.89938,2.9977324,0.68518066,1.0049692
2024-05-22,0.21264192,0.17495206,0.5749066,0.0,1.0065538
2024-05-23,1.3790839,0.0,0.37261668,2.9546363,1.3581415
2024-05-24,1.189505,0.0,0.0,0.6416172,1.6557839
2024-05-28,0.674444,0.36560684,0.86042076,0.2235151,0.87473834
2024-05-29,0.6728169,2.661735,1.954793,0.0,0.29974765
2024-05-30,0.012177229,0.33855063,0.04281473,1.187756,1.1211025
2024-05-31,0.5560609,0.2964846,0.32559857,2.464816,1.7708514
2024-06-03,1.3165805,0.31684014,0.0,1.9107232,1.6133318
2024-06-04,0.0,1.1101139,1.1269653,1.0071267,2.7194371
2024-06-05,0.57778895,0.0,0.0,0.76821625,1.3522332
2024-06-06,0.553584,1.8129941,0.4903512,1.3619037,1.0529222
2024-06-07,0.951089,1.063205,2.001751,0.15890479,0.0
2024-06-11,2.0026624,0.0,0.0,2.8955593,2.1251316
2024-06-12,0.85111254,0.84335166,0.0,0.84794223,0.0
2024-06-13,0.0,1.0768889,1.1879182,0.0,0.0
2024-06-14,1.7200564,0.0,0.0,0.9625799,0.7474735
2024-06-17,0.0,1.2635927,0.6014392,1.5419562,0.8521727
2024-06-18,0.0,0.53973174,0.0,0.8045036,0.0
2024-06-20,0.5648853,0.59085226,0.87435174,0.16883427,0.0
2024-06-21,0.0,1.6715757,0.52276146,0.0,0.45663005
2024-06-24,0.4464028,0.0,0.0,1.4226389,0.9015634
2024-06-25,0.4810197,0.802991,0.9605249,0.2130897,0.47029853
2024-06-26,0.4589169,0.5755653,0.0,1.195938,1.1417965
2024-06-27,0.13939488,0.8664199,0.5377722,0.6749525,0.0
2024-06-28,1.692112,1.6581874,1.1221716,1.1520087,1.680891
2024-07-01,0.0,1.3100219,0.5957036,0.7824063,0.815787
2024-07-02,2.4263601,0.53236306,0.7569803,0.91323864,0.85186154
2024-07-03,0.71698433,0.5264112,1.01495,0.9680168,0.2681322
2024-07-05,0.0,1.0975693,1.5908246,0.4607709,0.0
2024-07-08,0.0,0.2703236,2.2900085,0.4779991,0.00361377
2024-07-09,0.25483155,0.27531818,0.0,1.3298414,1.6304438
2024-07-10,0.394976,0.15353602,0.5451174,0.7302532,2.1899154
2024-07-11,0.49784404,1.4848127,0.4473096,0.57865757,1.3134971
2024-07-12,0.77757114,0.91200936,1.6645385,1.1734382,0.6117687
2024-07-15,0.7216789,0.65186495,0.5503241,0.80299866,0.88813657
2024-07-16,0.0,2.2116423,0.0,0.99311554,1.6912866
2024-07-17,0.0,0.27587298,1.5823547,1.6454184,0.40958127
2024-07-18,0.86574,0.0,0.0,0.45375672,0.3384665
2024-07-19,0.86422837,0.30138972,0.0,1.7002394,1.0922034
2024-07-22,0.82347244,0.0,0.10065913,1.8672754,1.5889251
2024-07-23,1.0276246,0.0,1.0009179,1.605618,0.3362267
2024-07-24,0.0,0.19786319,0.79381394,1.4807267,1.0504243
2024-07-25,0.48132434,0.8442695,0.0,0.56924546,0.65098864
2024-07-26,1.5003045,0.0,0.0,0.47503826,0.923348
2024-07-29,0.0,1.9133782,0.0,0.8442276,2.199966
2024-07-30,1.1987357,1.2545183,0.8386505,1.1637415,2.650341
2024-07-31,0.0,2.066321,1.3170723,1.1813643,1.6341841
2024-08-01,0.0,1.1064188,0.467359,0.0,0.0
2024-08-02,0.91677,0.3433913,0.2359179,1.5798855,1.4772271
2024-08-05,0.0,0.0,0.66231704,1.250573,1.6606709
2024-08-06,1.5583117,0.0,0.0,1.106133,1.8182356
2024-08-07,0.6032212,0.838608,0.52151024,0.54096293,0.9418097
2024-08-08,1.598041,1.335,0.5052966,1.1515492,0.230218
2024-08-09,0.31742522,1.7623827,0.85933936,0.33762816,0.7235761
2024-08-12,0.0,0.26826224,0.835324,0.3440452,0.0
2024-08-13,0.34457493,1.3431396,0.29692978,0.0,0.24266142
2024-08-14,0.48831296,1.3724983,0.19876707,1.3644546,2.0734231
2024-08-15,0.40343603,0.0,0.08091807,0.88201976,1.2310704
2024-08-16,0.0,2.6745386,0.0,0.0,1.5068033
2024-08-19,0.0,1.2615597,1.6055982,0.9327388,1.8044839
2024-08-20,0.22390068,0.15575981,2.4032283,0.7544822,0.5785202
2024-08-21,0.20259613,0.3924504,1.031181,0.28018373,0.81633514
2024-08-22,0.2482642,0.68887144,1.2368464,1.0644186,0.60636413
2024-08-23,1.0792024,0.544201,0.0,1.0496087,0.81421685
2024-08-27,0.28950077,1.629556,1.5163183,0.0,0.0
2024-08-28,1.3077977,0.62755567,2.1789284,0.32692564,1.0461532
2024-08-29,1.3294333,0.0,0.84002393,1.7788787,2.4025772
2024-08-30,1.8042445,1.628382,1.759454,1.6989017,0.0
2024-09-03,0.6749854,0.0,0.28827712,1.2185651,0.79682195
2024-09-04,1.4401121,0.0,1.8761743,2.4880602,4.049949
2024-09-05,0.3773313,0.0,1.08716,0.87498045,1.732676
2024-09-06,0.6663456,1.0686092,1.3625515,1.3666909,0.62309694
2024-09-09,0.0,0.13481104,0.0,1.3684446,2.4131746
2024-09-10,0.0,0.5171116,1.1480606,0.0,0.0
2024-09-11,0.19249696,0.8609139,1.0617902,1.8880618,2.537117
2024-09-12,0.58427113,1.0255585,0.8990059,0.0,0.35403618
2024-09-13,0.6541362,1.7427777,2.1924453,0.0,0.060189128
2024-09-18,0.049244106,1.333313,1.7355313,0.0349046,0.5502548
2024-09-19,2.8591838,0.71087056,1.577506,0.0,0.3166278
2024-09-20,0.58339757,2.257134,1.1063588,0.7792791,0.0
2024-09-23,1.0560555,1.3987317,1.2874343,2.0986905,1.1954865
2024-09-24,1.0841448,0.0,1.9055023,0.73003626,0.70234835
2024-09-25,0.10541165,1.9326041,1.8133285,0.0,0.0
2024-09-26,1.4284563,0.38993424,1.9407799,1.4862671,1.1881801
2024-09-27,0.0,1.0507941,1.1634606,0.0,1.5362215
2024-10-08,1.5365695,0.47196448,0.82936877,1.377222,0.661069
2024-10-09,3.7979906,1.3472967,0.0,1.5988493,0.0
2024-10-10,0.40659896,0.0,0.4083714,1.2670851,1.0267563
2024-10-11,0.585066,1.618816,0.68166673,0.0,0.0
2024-10-14,0.0,1.5167327,0.9552276,0.0,0.6496982
2024-10-15,0.0,0.2867094,0.018372655,1.7426329,1.9048212
2024-10-16,0.07769966,1.0252367,1.235467,1.4763641,3.3937192
2024-10-17,0.0,0.15998006,0.44164994,0.26423192,0.38090464
2024-10-18,0.9060023,0.23800069,0.8724629,0.9238319,0.5261507
2024-10-21,0.0,1.3855761,1.0653574,0.21689343,1.1817389
2024-10-22,1.0671501,0.4832472,0.98538554,1.299778,0.05869317
2024-10-23,0.642126,1.0821465,1.3055546,0.07691866,0.0
2024-10-24,1.3445318,0.06998545,0.7104587,0.7926366,1.4704534
2024-10-25,0.7325788,0.9497465,1.1606438,1.4690773,0.8238608
2024-10-28,0.65905845,1.3554897,0.0,0.8802352,0.19485486
2024-10-29,0.0,0.09559351,1.1969895,1.5076767,2.545554
2024-10-30,0.9921967,1.2614176,1.4627047,1.1951977,1.3020308
2024-10-31,2.33529,1.2990284,0.9179209,2.029226,0.07685703
2024-11-01,1.4225231,0.0,0.0,1.1565034,0.04888159
2024-11-04,0.8545192,0.46626928,0.667526,0.8674419,0.746067
2024-11-05,1.6483032,1.0597806,0.1294465,0.4839412,0.6561169
2024-11-06,0.7746176,0.8859655,1.0417614,0.0,0.76241416
2024-11-07,2.253581,0.0,0.2243286,2.6431026,1.3527246
2024-11-08,0.0,0.5790082,1.9554551,0.0,0.0
2024-11-11,1.1886384,0.0,0.4207444,2.5907772,1.7838938
2024-11-12,0.8227196,0.0,0.0,1.9124389,1.609278
2024-11-13,0.5045473,0.4896223,0.0,1.0213199,1.4227769
2024-11-14,1.1149762,0.77347904,0.21117067,1.047242,1.1197864
2024-11-15,1.0139942,1.334317,0.033393443,0.6472978,1.9647884
2024-11-18,0.5366905,0.093795896,1.594044,0.4014547,0.9101762
2024-11-19,1.5101159,2.0297048,1.7600054,0.46882293,0.06519729
2024-11-20,0.3217879,1.2572789,0.6371476,0.5057602,0.8043001
2024-11-21,0.5467325,0.68815386,0.77381235,0.4519076,1.1792599
2024-11-22,0.8272896,1.5614693,0.01738602,0.81297046,0.89199406
2024-11-25,0.19716945,1.0639923,1.1301845,0.7389328,0.307967
2024-11-26,0.7579988,0.0,0.0,0.8883386,1.2828836
2024-11-27,1.0169793,0.77808297,1.1525979,1.4548005,0.5313176
2024-11-29,0.0,0.08072525,0.12227321,0.0,0.91917
2024-12-02,0.1875009,0.6533529,1.2429848,1.2354703,0.21698904
2024-12-03,0.66481376,0.29994944,0.35099417,1.3599794,1.6606743
2024-12-04,0.42656633,0.97431874,0.85164016,0.0,0.0
2024-12-05,0.07034969,0.61100215,1.1642222,0.6317127,1.7416526
2024-12-06,1.1805446,0.0,0.9536432,0.7622405,0.72766244
2024-12-09,0.7484381,0.0,1.6558576,1.0382298,1.2713957
2024-12-10,0.26617974,1.5482965,0.7421504,0.20157641,0.0
2024-12-11,0.3728168,0.28331313,1.0409313,0.5565983,0.23299527
2024-12-12,1.0811195,1.8221724,0.8092268,1.2047751,0.38244665
2024-12-13,1.1084349,0.113773406,0.0,1.3595328,0.6173258
2024-12-16,0.603146,0.061962724,0.0,0.5285977,0.45880046
2024-12-17,1.3374369,0.7675174,1.4103178,0.84882903,1.9157778
2024-12-18,0.0,0.21994457,0.0056551695,1.3052094,1.1802888
2024-12-19,0.7580624,1.2365584,0.0,0.7382577,1.608253
2024-12-20,1.3134848,0.0,0.0,1.9089777,0.9698696
2024-12-23,0.39821658,1.0621281,1.7103181,0.6166122,0.43165702
2024-12-24,0.8405506,0.7728161,1.1036038,0.83261365,1.0741949
2024-12-27,0.57321465,1.2818503,0.7502539,0.335342,0.40834662
2024-12-30,0.68532795,0.0,0.38069978,0.0,0.7057872
2024-12-31,1.2853422,0.96901137,0.3525762,0.9686252,0.7139678
2025-01-02,1.1018726,0.33028448,0.6434068,0.95108473,0.41604102
2025-01-03,1.0755941,1.9208884,0.94288987,1.051473,0.63222104
2025-01-06,0.0,0.9982674,0.0,0.70076364,0.8816892
2025-01-07,0.7275178,0.0,1.7454591,0.51335526,0.67511857
2025-01-08,0.21044135,0.8036297,1.2082186,0.302302,0.35241848
2025-01-09,0.5067562,1.0680932,0.6646832,1.6231229,1.0241232
2025-01-10,0.34339485,0.60680795,1.402714,0.63698465,0.0
2025-01-13,1.5358305,0.56943136,1.9735484,0.4269501,0.0
2025-01-14,1.9335437,0.0,0.19335097,0.5467297,0.0
2025-01-15,0.4070879,0.04488802,0.5595987,1.1650578,0.6320931
2025-01-16,0.6271142,1.3465433,0.96779007,0.118044496,0.0
2025-01-17,0.5363071,2.1186435,0.7098345,0.7347912,2.2755132
2025-01-21,0.3330881,0.0,0.90342766,0.07463014,0.10903871
2025-01-22,0.55165994,0.0,2.007463,1.3862287,0.7409136
2025-01-23,0.3397404,1.0429623,0.88346696,1.113689,1.9396839
2025-01-24,1.1129161,0.12656522,1.0679326,1.1127563,0.8216941
2025-02-05,0.49088913,1.3918223,0.83802366,1.0448287,0.6061473
2025-02-06,0.0,0.44980675,5.1531177,0.0,2.5908797
2025-02-07,1.0345314,0.027797878,0.8493654,0.24401754,1.0362451
2025-02-10,0.31085077,1.010058,0.3584448,0.36135337,0.21858418
2025-02-11,0.4388699,1.3051268,1.2905468,0.0,0.25704455
2025-02-12,1.690104,1.7152816,0.14420587,1.5772707,1.0283087
2025-02-13,0.0,0.598798,1.5014143,0.47997636,1.4874005
2025-02-14,0.9752458,0.4517712,1.3267584,0.66963226,1.0630468
2025-02-18,1.888657,0.21689421,0.9176047,1.0313826,1.8385568
2025-02-19,1.073082,1.0428429,1.9513203,1.2873685,0.3693058
2025-02-20,0.92349815,0.9535417,0.0,0.75524175,1.479722
2025-02-21,0.4225458,1.0013322,1.0409682,0.42799026,0.033462524
2025-02-24,0.5460761,0.47140422,1.0613406,1.6501074,2.2304916
2025-02-25,0.040787995,0.6980403,0.0,1.3869139,1.0523336
2025-02-26,0.9775399,0.27548522,0.36383513,1.8371668,1.8799586
2025-02-27,0.0,0.0,1.223985,0.0,1.1096358
2025-02-28,0.0,0.48256728,0.0,0.22404748,0.0
2025-03-03,0.5355994,0.27417502,0.0,1.4456253,1.9468656
2025-03-04,0.0,1.6467443,0.28947383,0.04557103,0.5366689
2025-03-05,0.116951406,1.1587265,0.19031447,0.9062084,1.2506945
2025-03-06,0.0,0.06291658,2.3642597,0.17654395,0.26618743
2025-03-07,0.6307604,0.2592448,1.3958552,0.6343077,0.12211996
2025-03-10,1.3618706,0.5709627,0.7367918,1.3655261,0.7107706
2025-03-11,1.4618249,0.8657877,1.0938845,1.1631578,2.3275719
2025-03-12,0.0,1.1208284,0.6979155,0.0,0.500159
2025-03-13,0.0,1.4386095,0.78419584,0.0,0.68431187
2025-03-14,0.2426017,0.6876831,2.011625,0.35554266,1.4470067
2025-03-17,0.5013505,1.0900196,0.59662247,1.3721526,0.24220496
2025-03-18,2.1359067,0.3237434,2.330939,0.2671879,0.64336556
2025-03-19,0.25809947,0.8259523,1.2259972,1.0587646,1.0075806
2025-03-20,0.5039161,0.48802042,0.0,0.35541812,0.3909156
2025-03-21,0.7001675,0.38378948,0.22852251,0.51208216,0.03149903
2025-03-24,0.69205046,0.25559947,0.0,0.93509793,1.1114751
2025-03-25,0.49718833,0.42266893,0.0,0.8230139,0.30239502
2025-03-26,0.009750366,1.2381858,0.919241,0.53916466,0.5147776
2025-03-27,0.557853,0.9821026,0.072773814,1.262516,0.0
2025-03-28,0.7288155,1.1565614,1.5355601,2.4749303,0.0
2025-03-31,0.34620076,0.3958899,0.90396094,1.3284973,0.4923234
2025-04-01,1.4955411,1.5276183,0.23414254,0.96039087,0.32010663
2025-04-02,1.519568,0.0,1.9101213,1.304019,0.11147946
2025-04-03,1.0368848,1.1102897,1.0844479,1.2576796,0.89062595
2025-04-07,0.5891117,0.0,0.0,2.651475,4.030235
2025-04-08,2.2264218,0.0,0.0,4.5481057,6.2204576
2025-04-09,0.15909946,0.0,0.7258276,1.345787,0.7173269
2025-04-10,0.26159763,1.1557864,1.5958035,0.793447,0.0
2025-04-11,0.0,0.5268959,2.7498841,0.0,0.8797917
2025-04-14,0.0,0.80731237,2.1509435,0.0,0.0
2025-04-15,0.0,0.6857837,0.0,0.28546637,0.17209917
2025-04-16,0.14518672,0.5565657,1.1879954,1.1506108,0.0
2025-04-17,0.27202636,1.2393134,1.9217951,0.15432197,0.29069912
2025-04-22,1.099366,0.778026,0.0,0.46789348,0.0
2025-04-23,0.0,0.7494348,0.80538374,0.15053111,0.045146883
2025-04-24,0.043975115,0.0,0.7264201,0.5893904,0.59748936
2025-04-25,0.41377434,0.25383055,1.522138,0.15274864,0.0
2025-04-28,1.4113724,0.4836918,0.027926743,1.1495624,1.0281557
2025-04-29,0.0,0.90834713,0.9412512,1.2410865,0.0
2025-04-30,0.0,1.0674369,0.18178135,1.4002697,1.4184555
2025-05-06,1.00526,0.0,0.0,2.688396,1.9511144
2025-05-07,0.0,2.560625,1.6857038,0.5577471,0.80038476
2025-05-08,0.41080177,0.06494385,0.0,1.7345057,1.8318431
2025-05-09,1.1723841,0.0,0.0,0.004339576,0.0
2025-05-12,0.50332046,1.5385709,1.0824991,0.33939713,0.11308539
2025-05-13,0.9621111,0.0,0.0,0.65860957,0.0
2025-05-14,1.1831348,1.9573123,1.245223,0.39931157,0.0
2025-05-15,1.614046,0.0,0.22122252,0.5384561,1.0999966
2025-05-16,0.42871803,0.18976894,1.7395661,1.100769,1.8347812
2025-05-19,0.2519136,0.14548421,0.0,1.1368603,0.53859496
2025-05-20,0.0,0.63336146,1.0092458,0.49806568,0.45631263
2025-05-21,0.38168523,0.96638167,1.9129114,0.4501151,0.6388055
2025-05-22,0.64511186,0.80030423,1.8759518,0.67604494,0.9150615
2025-05-23,0.18782115,0.0,0.15587425,0.754145,0.7603718
2025-05-27,0.0,1.5588965,1.2429944,0.5799581,0.55944896
2025-05-28,0.37441087,0.0,0.0,1.214998,0.84518945
2025-05-29,0.6706047,1.3329197,0.0,1.5211121,0.52416575
2025-06-03,0.1791318,0.9141096,1.4290245,1.2278086,1.2634108
2025-06-04,0.59748316,2.5080397,0.506279,0.1547103,0.6192938
2025-06-05,0.020763934,0.5766045,1.3131725,0.87154263,0.6667596
2025-06-06,0.0,0.69140136,1.2477335,0.40941146,0.0
2025-06-09,1.3007476,0.86406934,1.1193664,1.5848159,0.023141444
2025-06-10,0.0,1.702254,0.6148737,0.47188103,0.1699537
2025-06-11,0.39797008,0.13939995,0.39496353,0.8257204,0.40334094
2025-06-12,0.9971563,1.4576174,0.0,0.41380277,0.0
2025-06-13,0.09877384,1.098817,0.8817806,0.94808286,0.96201307
2025-06-16,2.992817,0.68048596,0.70910436,0.6640872,0.0
2025-06-17,0.9282683,1.3618119,1.779913,2.4968028,0.0
2025-06-18,1.6507523,1.9623687,0.0,0.57788444,0.0
2025-06-20,1.0265995,1.1514748,1.0138329,0.634857,0.547084
2025-06-23,1.1931896,0.61572105,0.0,0.8623434,0.9824884
2025-06-24,0.0,0.053052902,1.329488,1.1784018,2.369336
2025-06-25,0.0,0.0,0.36680904,1.3933834,2.687582
2025-06-26,0.3170567,1.943788,0.46560195,0.7212013,1.1657033
2025-06-27,0.0,1.1180329,0.7516273,0.0,0.0
2025-07-01,1.5737028,0.05501443,0.98178685,1.3537968,0.9991858
2025-07-02,1.6959902,1.346215,0.047004282,0.97933346,1.8619509
2025-07-03,1.1038527,0.91467,1.8299843,0.113815844,0.0
2025-07-07,1.4167907,0.7032529,1.1470648,1.2078668,1.7671096
2025-07-08,0.8747857,1.6822245,0.0,1.744082,1.1198416
2025-07-09,0.0,0.5875963,0.053838372,0.0,0.0
2025-07-10,1.278568,1.0898759,0.7480171,0.9657975,1.9254115
2025-07-11,0.026406407,0.87756634,1.6373749,0.81632125,0.8401427
2025-07-14,0.0,1.9015384,0.95726484,0.9319496,0.51582706
2025-07-15,1.3703511,0.10143274,1.2290626,1.2540002,2.1289139
2025-07-16,1.2433848,0.7736634,0.8495705,1.2574841,0.93343025
2025-07-17,0.3976424,0.03697425,1.4207187,0.6829615,0.5880332
2025-07-18,0.92929053,1.1459209,0.79087704,0.8286086,0.0
2025-07-21,1.0812659,0.55287766,1.666337,0.07131976,0.9577645
2025-07-22,0.0,1.4911673,0.87184256,0.92472416,0.38455522
2025-07-23,0.4024336,0.9138075,1.280915,0.9908119,1.462233
2025-07-24,0.0,0.0,0.0,0.38331395,0.09628552
2025-07-25,1.8558865,0.97438776,1.2250456,1.300514,1.5574162
2025-07-28,1.2312654,0.65202653,0.009931207,1.7025993,1.0516493
2025-07-29,0.9622246,0.6866201,0.0,0.76719326,0.61969966
2025-07-30,0.64437264,1.2107675,0.0,0.61708856,0.0040028095
2025-07-31,0.8644104,0.46002287,0.0,0.8152011,0.9320673
2025-08-01,3.7777486,0.0,0.6594596,4.130551,4.259877
2025-08-04,0.0,0.4401976,1.1424179,1.4989579,1.3603569
2025-08-05,0.11497533,0.62648344,1.2795079,0.73957694,0.65331966
2025-08-06,0.0,0.3921299,0.8957033,1.3011047,0.83252734
2025-08-07,0.43714976,0.91658825,0.77139574,0.5181307,0.656311
2025-08-08,0.6443894,0.30121294,1.6977614,0.6396791,0.89967763
2025-08-11,1.1238946,1.3960195,1.0109184,0.31943464,1.8767161
2025-08-12,1.661288,0.0,1.0038364,1.0576698,0.62738574
2025-08-13,0.0,1.0015949,1.1328303,1.1221285,0.36651048
2025-08-14,0.95228374,0.41727424,1.4012077,1.3307884,1.1965566
2025-08-15,0.94877756,0.75122803,0.0,0.17439258,1.3042184
2025-08-18,0.9161108,0.10669762,0.9285406,0.0,1.781405
2025-08-19,0.98865926,0.53077245,0.5253957,1.0024445,0.80807483
2025-08-20,0.89625674,0.3503442,0.0,0.7716301,1.6434257
2025-08-21,0.5638069,1.4845701,1.0088748,0.18229342,0.38862643
2025-08-22,0.79602844,0.0,1.2893476,0.6780411,0.0
2025-08-26,0.0,0.4924044,1.4872662,0.15037107,0.0
2025-08-27,0.0,0.2417236,0.0,0.6402229,0.86105347
2025-08-28,0.98417103,1.2753432,0.45057008,1.558347,0.7815715
2025-08-29,0.90211993,1.2369637,0.8440959,0.20905942,1.2224417
2025-09-02,0.0,0.0,1.7301722,0.051946044,0.0
2025-09-03,0.0,1.6738899,0.8004549,0.4920424,0.26789135
2025-09-04,0.0107041,1.3998089,1.0426937,0.91277796,1.7588264
2025-09-05,1.119674,0.0,0.08078283,1.5070451,1.2519715
2025-09-08,0.06567818,0.7525365,1.2277389,0.97300863,1.5950918
2025-09-09,1.1264846,0.71919256,1.6715817,0.31419414,1.0062164
2025-09-10,1.3166406,1.1137493,0.06275344,0.7601967,1.5149273
2025-09-11,0.0,0.9921584,0.6355166,0.19696444,0.17798328
2025-09-12,0.0,0.0,1.2069176,0.48349807,0.33945835
2025-09-15,0.30514762,0.7131172,1.1579742,0.16469473,0.68847245
2025-09-16,1.8702345,0.2191515,2.6644907,0.0,0.11209214
2025-09-17,1.8249501,0.8002012,0.9404964,0.77217156,0.30524743
2025-09-18,0.7774582,0.5200379,0.0,1.794152,1.5956652
2025-09-19,0.071332574,0.24167538,0.0,0.94052243,0.8698302
2025-09-22,0.110999346,1.2805735,0.94083714,1.4551713,1.5206455
2025-09-23,0.0,1.2855213,0.7413311,0.89609784,0.7444346
2025-09-24,1.2049707,1.8865428,1.5117185,0.840273,0.69477755
2025-09-25,0.6678596,0.38947535,0.0,0.0,0.30605367
2025-09-26,1.1472582,1.2547408,1.4544587,1.0559156,0.87597764
2025-09-29,0.06333542,1.6732117,1.0374728,0.97111225,0.33882177
2025-10-09,0.0,1.3024449,1.6739466,0.7662273,1.7758902
2025-10-10,0.0,0.23010871,2.3104136,0.0,0.7444309
2025-10-13,0.10030675,0.58898914,0.86670667,2.26601,2.1351237
2025-10-14,0.0,1.4039688,1.6187532,0.0,0.0
2025-10-15,1.5172594,0.7749825,1.6627715,2.6096487,2.270453
2025-10-16,0.38955286,0.8732952,0.5705896,0.0,1.6893597
2025-10-17,0.0,1.3629543,2.4164042,0.5014938,1.1476264
2025-10-20,2.5878286,0.0,0.0,1.3258318,1.1181262
2025-10-21,0.32233328,1.982255,2.3628383,0.7588647,0.59403074
2025-10-22,1.7404674,0.0,0.0,1.2375643,0.28541917
2025-10-23,1.0190182,0.5156036,0.02754718,0.0,0.49156466
2025-10-24,1.9362218,2.5283258,0.8847412,0.0,0.0
2025-10-27,0.9499788,0.90300447,0.18948674,0.8523878,1.38815
2025-10-28,1.9889224,0.0,0.025036156,0.778811,0.14496368
2025-10-29,0.5422982,0.0,1.1341058,0.64407074,1.403196
2025-10-30,0.55735815,0.87099785,1.0994499,0.107887566,0.23200876
2025-10-31,0.97497475,1.398001,0.8835596,1.9642851,0.6504454
2025-11-03,1.0041231,0.022436738,0.7864241,0.5453794,1.1427296
2025-11-04,1.2217976,0.24787098,1.8820894,0.72224426,0.752121
2025-11-05,0.824705,0.0,0.0,0.79131675,1.3702276
2025-11-06,1.2288066,0.8369446,1.4763119,1.1960464,1.2662818
2025-11-07,1.0232351,1.7181774,0.0,0.9876064,1.4711754
2025-11-10,0.037343323,0.19780216,1.1572986,0.7582298,0.35946116
2025-11-11,0.0,1.3302312,2.8726623,0.4891178,0.0
2025-11-12,1.8430395,1.3396835,0.8763361,0.8888501,0.7349476
2025-11-13,0.0,1.4654549,2.4868298,1.0926579,2.3461418
2025-11-14,1.1963673,0.0,0.42842495,0.54418826,2.043916
2025-11-17,2.1195476,0.79689366,0.0,0.8844389,0.8042753
2025-11-18,1.3998796,0.0,1.558375,1.8913879,0.17159468
2025-11-19,1.9797537,0.9824331,0.45701137,0.94063324,0.2688113
2025-11-20,0.15492707,1.3224232,0.7322922,1.5126925,2.3119335
2025-11-21,0.41888136,0.11448127,0.0842489,1.0093344,1.6273451
2025-11-24,0.20633239,0.40443802,0.76106775,1.1083548,2.0098941
2025-11-25,0.72461474,1.2468095,0.87011486,0.5698373,1.4074568
2025-11-26,0.036503017,0.615896,1.7631752,0.9664198,1.5146893
2025-11-28,0.21949807,0.8835012,2.5580623,0.10878992,0.43272367
2025-12-01,0.0,2.237228,2.5841084,0.88418245,0.0
2025-12-02,0.00025975704,1.059776,0.9913116,0.61228323,0.7753607
2025-12-03,1.2736919,0.24736294,0.8707948,1.914912,1.4637572
2025-12-04,0.0,0.79642725,0.17470473,0.31912577,0.96620953
2025-12-05,0.52157027,0.0,0.8098863,0.21745884,0.3270055
2025-12-08,0.173931,1.2846816,0.37384707,0.6912979,0.0
2025-12-09,0.04340726,0.052915215,0.38586342,1.0598836,1.8099614
2025-12-10,0.04677242,0.7865695,1.4585385,1.3462996,1.5223278
2025-12-11,0.87692976,0.66247255,0.5377891,0.92413914,0.86083037
2025-12-12,0.0,1.3528175,2.4186423,0.0601511,0.55687654
2025-12-15,1.1289881,1.1119313,0.0,1.9272956,2.092859
2025-12-16,1.0706428,1.4737911,1.4120352,1.7470005,1.6850849
2025-12-17,0.0,0.8465369,0.6793264,1.4652951,1.929925
2025-12-18,0.5737127,2.4237416,1.463301,0.6062601,0.7542862
2025-12-19,1.3219795,0.5861445,0.6072067,0.8483143,1.21987
2025-12-22,0.38444892,1.8024867,1.5523429,0.6006123,0.7977809
2025-12-23,1.0680459,1.4085472,2.0542932,0.2687751,0.177311
2025-12-24,1.0870053,2.82758,2.4309342,0.8323833,1.0669743
2025-12-29,1.1764647,0.44383246,1.5247393,0.99135005,1.0747483
2025-12-30,2.4137797,0.28546956,0.11267316,2.202489,2.3538103
2025-12-31,0.0,2.1271987,2.1988072,0.0,0.0
2026-01-05,1.7929621,0.0,0.0,0.8955362,2.2547479
2026-01-06,0.0,1.707252,3.335269,0.0,0.0
2026-01-07,0.0,2.0252433,2.878946,0.065568626,1.4439754
2026-01-08,3.129726,0.0,0.50233597,2.3820481,2.8450966
2026-01-09,2.058535,0.5057446,0.0,0.49519148,0.0
2026-01-12,0.77861005,2.1204972,1.45348,0.27449924,0.35107252
2026-01-13,0.0,3.5879662,1.9454193,0.99048936,0.6528053
2026-01-14,1.453404,1.1180323,0.37614807,0.54300094,0.0
2026-01-15,0.618529,1.6510007,1.8658376,0.49119395,0.31406415
2026-01-16,0.0,0.0,2.1519794,2.67761,0.9982187
2026-01-20,2.9180403,0.0,0.0,1.3204925,1.8830583
2026-01-21,0.2581677,3.3084939,1.2672898,1.0487679,0.0
2026-01-22,2.028222,1.7695445,1.6620272,1.5229228,0.0
2026-01-23,0.37238234,1.806694,2.639663,1.3354774,2.263359
2026-01-26,0.19686645,1.8220116,2.3074543,0.0,0.0
2026-01-27,0.17991936,4.032983,2.8281312,1.3647871,0.79213715
2026-01-28,2.7657366,0.0,0.0,0.61134946,0.27177596
2026-01-29,0.20010453,2.62573,2.5290422,0.340353,0.52477247
2026-01-30,0.0,0.0,0.0,0.0,0.0
2026-02-02,7.2488084,0.0,0.0,3.2329066,2.9642272
2026-02-03,0.0,0.0,0.0,2.6780186,2.9498026
2026-02-04,0.0,2.6528225,2.6985157,0.0,0.0
2026-02-05,1.5128052,0.0,0.38528454,1.3211737,0.0
2026-02-06,1.9867953,0.0,0.0,1.876064,2.69574
2026-02-09,0.0,1.0769415,0.17428571,0.09244716,0.0
2026-02-10,0.0,1.4064296,1.7460603,0.0,0.0
2026-02-11,0.65270346,0.0,0.51692325,1.4320505,1.0308475
2026-02-12,0.0,0.49694258,1.1211026,0.0,0.0
2026-02-24,3.0277188,0.0,0.29052478,2.5837605,2.784062
2026-02-25,0.12829345,4.6127586,3.9563804,0.38017005,0.0
2026-02-26,0.0,1.3086467,2.2369378,0.26452786,0.42119503
2026-02-27,1.4484594,0.0,0.0,1.0424625,0.7404981
2026-03-02,0.7816774,1.2298958,1.9512608,0.0802899,0.16509444
2026-03-03,5.265106,2.963735,0.0,0.0,0.0
2026-03-04,5.4892626,1.2893362,0.0,1.1489435,0.0
2026-03-05,0.0,0.44915396,0.3567926,0.0,0.0
2026-03-06,4.5978465,0.8005368,0.73606706,0.5404516,0.0
2026-03-09,2.6145704,1.6153519,2.590041,0.0,0.0
2026-03-10,2.0401769,2.6796875,0.16367853,0.7025076,0.5445881
2026-03-11,0.0,0.0,2.7609842,1.8591285,3.4315836
2026-03-12,3.5456357,0.6237085,0.0,0.1974091,0.0
2026-03-13,2.213038,0.59574866,0.0,0.0,0.0
2026-03-16,3.2326288,0.21313569,0.0,0.95405287,0.77733415
2026-03-17,0.3237461,2.8182218,0.16219383,1.0490324,3.0619264
2026-03-18,1.5357237,0.7662505,0.59176445,0.64401484,0.0
2026-03-19,3.9837184,1.1713173,0.4677904,1.3040516,1.3316613
2026-03-20,4.9146414,0.26597178,0.0,2.0103788,1.9487376
2026-03-23,1.1368303,0.23225465,0.0,0.0,0.0
2026-03-24,0.0,0.0,1.2759814,3.4660194,4.460549
2026-03-25,1.8734932,0.91182256,0.54243124,0.0,0.0
2026-03-26,0.0,0.0,3.1618173,0.9079728,2.0884461
2026-03-27,5.0264764,1.2487952,0.0,1.0508515,0.0
2026-03-30,0.87196445,2.4954317,0.36956248,0.0,0.0
2026-03-31,0.652912,1.9561269,0.86543095,0.752608,0.0
2026-04-01,0.0,0.49951512,1.9500952,0.0,0.0
2026-04-02,0.0,0.67473745,2.1999025,1.8007597,2.9095442
2026-04-07,3.1965063,0.5999181,0.0,0.15619725,0.0
2026-04-08,1.4714549,1.8680439,0.016925216,1.5997732,0.0
2026-04-09,0.0,0.0,2.7562163,1.8918118,5.724036
2026-04-10,0.9210203,1.4635762,0.65881026,0.7054607,0.0
2026-04-13,0.0,0.53635794,0.6765951,0.50954163,0.6501546
2026-04-14,0.18579888,0.0,0.16949749,0.0,1.0287056
2026-04-15,0.0,0.34390968,2.6808002,1.1598859,3.2543466
2026-04-16,0.8896282,0.07067144,1.1139457,0.33060557,0.0
2026-04-17,2.230217,1.1690233,1.0202153,0.83965534,0.0
2026-04-20,0.0,0.0,2.2352836,2.7814758,4.2231765
2026-04-21,2.6207826,0.09208304,0.24411803,0.41904157,0.0
2026-04-22,2.4955862,0.0,0.0,0.60998446,0.0
2026-04-23,0.7005489,1.3826443,0.21065164,0.0,0.0
2026-04-24,2.1732724,0.07415402,0.45496577,0.0,0.675025
2026-04-27,0.60625064,1.0562329,1.0675389,1.0451537,1.0626745
2026-04-28,1.8219471,0.041009665,0.58144957,1.1953633,0.10907024
2026-04-29,2.3480844,0.0,0.866716,0.78536725,1.2011266
2026-05-06,3.0287647,0.89905584,0.43685153,0.8889164,0.0
2026-05-07,0.0,5.3397717,4.29094,2.8519554,4.370416
2026-05-08,0.0,0.55253154,0.45484382,0.68170595,0.95744944
2026-05-11,1.4485428,0.4122367,1.5935802,0.34946883,0.6658522
2026-05-12,0.5358276,1.6107774,2.177884,0.0,0.0
2026-05-13,2.1216323,0.0,1.4297442,0.0,0.60729945
2026-05-14,0.0,1.8551915,1.6413195,0.47948283,0.9744133
2026-05-15,0.49422354,0.39329183,0.0,0.7965028,1.2745291
2026-05-18,2.8287282,0.0,0.0,2.3827765,0.0
2026-05-19,1.8733728,0.0,1.8794296,0.8661335,0.0
2026-05-20,1.1542726,0.14302722,0.21110743,1.0918612,1.7575264
2026-05-21,0.0,1.9311904,0.55291665,1.5728481,2.7010067
2026-05-22,0.4428064,1.0151886,0.3531358,0.8558321,2.3866663
2026-05-26,0.053108394,0.0,0.0,0.18295223,0.18351793
2026-05-27,0.0,1.3425789,1.232271,1.8675516,2.4640758
2026-05-28,0.0,0.31619263,0.49983615,2.4971795,2.1410751
2026-05-29,0.15183413,0.6189022,1.1504917,0.31383216,0.18188864
2026-06-01,0.42802286,1.669764,0.73078144,1.6387708,1.4868289
